scenario,attacker,source,target,budget_history_tasks,feedback_condition,method,n_target_tasks,attacker_weight_share,clean_team_accuracy,attacked_team_accuracy,attack_accuracy_loss,attacker_reputation_mean
a1,qwen3-8b,economics,economics,0,honest,Uniform,171,0.25,0.5614035087719298,0.4678362573099415,0.0935672514619883,0.5
a1,qwen3-8b,economics,economics,0,honest,GlobalBeta,171,0.25,0.5614035087719298,0.4678362573099415,0.0935672514619883,0.5
a1,qwen3-8b,economics,economics,0,honest,SkillConditioned,171,0.25,0.5614035087719298,0.4678362573099415,0.0935672514619883,0.5
a1,qwen3-8b,economics,economics,0,honest,ZeroEvidenceGate,171,0.25,0.5614035087719298,0.4678362573099415,0.0935672514619883,0.5
a1,qwen3-8b,economics,economics,0,honest,FixedBorrow,171,0.25,0.5614035087719298,0.4678362573099415,0.0935672514619883,0.5
a1,qwen3-8b,economics,economics,0,honest,ECRT,171,0.25,0.5614035087719298,0.4678362573099415,0.0935672514619883,0.5
a1,qwen3-8b,economics,economics,0,attacker_false_positive,Uniform,171,0.25,0.5614035087719298,0.4678362573099415,0.0935672514619883,0.5
a1,qwen3-8b,economics,economics,0,attacker_false_positive,GlobalBeta,171,0.25,0.5614035087719298,0.4678362573099415,0.0935672514619883,0.5
a1,qwen3-8b,economics,economics,0,attacker_false_positive,SkillConditioned,171,0.25,0.5614035087719298,0.4678362573099415,0.0935672514619883,0.5
a1,qwen3-8b,economics,economics,0,attacker_false_positive,ZeroEvidenceGate,171,0.25,0.5614035087719298,0.4678362573099415,0.0935672514619883,0.5
a1,qwen3-8b,economics,economics,0,attacker_false_positive,FixedBorrow,171,0.25,0.5614035087719298,0.4678362573099415,0.0935672514619883,0.5
a1,qwen3-8b,economics,economics,0,attacker_false_positive,ECRT,171,0.25,0.5614035087719298,0.4678362573099415,0.0935672514619883,0.5
a1,qwen3-8b,economics,economics,5,honest,Uniform,171,0.25,0.5614035087719298,0.4678362573099415,0.0935672514619883,0.5
a1,qwen3-8b,economics,economics,5,honest,GlobalBeta,171,0.33333333333333337,0.5847953216374269,0.4093567251461988,0.17543859649122806,0.42857142857142855
a1,qwen3-8b,economics,economics,5,honest,SkillConditioned,171,0.33333333333333337,0.5847953216374269,0.4093567251461988,0.17543859649122806,0.42857142857142855
a1,qwen3-8b,economics,economics,5,honest,ZeroEvidenceGate,171,0.33333333333333337,0.5847953216374269,0.4093567251461988,0.17543859649122806,0.42857142857142855
a1,qwen3-8b,economics,economics,5,honest,FixedBorrow,171,0.33333333333333337,0.5847953216374269,0.4093567251461988,0.17543859649122806,0.42857142857142855
a1,qwen3-8b,economics,economics,5,honest,ECRT,171,0.8928532971044585,0.6198830409356725,0.0,0.6198830409356725,0.42857142857142855
a1,qwen3-8b,economics,economics,5,attacker_false_positive,Uniform,171,0.25,0.5614035087719298,0.4678362573099415,0.0935672514619883,0.5
a1,qwen3-8b,economics,economics,5,attacker_false_positive,GlobalBeta,171,0.5000000000000001,0.6081871345029239,0.08771929824561403,0.52046783625731,0.8571428571428571
a1,qwen3-8b,economics,economics,5,attacker_false_positive,SkillConditioned,171,0.5000000000000001,0.6081871345029239,0.08771929824561403,0.52046783625731,0.8571428571428571
a1,qwen3-8b,economics,economics,5,attacker_false_positive,ZeroEvidenceGate,171,0.5000000000000001,0.6081871345029239,0.08771929824561403,0.52046783625731,0.8571428571428571
a1,qwen3-8b,economics,economics,5,attacker_false_positive,FixedBorrow,171,0.5000000000000001,0.6081871345029239,0.08771929824561403,0.52046783625731,0.8571428571428571
a1,qwen3-8b,economics,economics,5,attacker_false_positive,ECRT,171,0.9778212953018639,0.6198830409356725,0.0,0.6198830409356725,0.8571428571428571
a1,qwen3-8b,economics,economics,10,honest,Uniform,171,0.25,0.5614035087719298,0.4678362573099415,0.0935672514619883,0.5
a1,qwen3-8b,economics,economics,10,honest,GlobalBeta,171,0.29411764705882354,0.5730994152046783,0.4619883040935672,0.1111111111111111,0.4166666666666667
a1,qwen3-8b,economics,economics,10,honest,SkillConditioned,171,0.29411764705882354,0.5730994152046783,0.4619883040935672,0.1111111111111111,0.4166666666666667
a1,qwen3-8b,economics,economics,10,honest,ZeroEvidenceGate,171,0.29411764705882354,0.5730994152046783,0.4619883040935672,0.1111111111111111,0.4166666666666667
a1,qwen3-8b,economics,economics,10,honest,FixedBorrow,171,0.29411764705882354,0.5730994152046783,0.4619883040935672,0.1111111111111111,0.4166666666666667
a1,qwen3-8b,economics,economics,10,honest,ECRT,171,0.32916375106601875,0.5672514619883041,0.49122807017543857,0.07602339181286549,0.4166666666666667
a1,qwen3-8b,economics,economics,10,attacker_false_positive,Uniform,171,0.25,0.5614035087719298,0.4678362573099415,0.0935672514619883,0.5
a1,qwen3-8b,economics,economics,10,attacker_false_positive,GlobalBeta,171,0.4782608695652174,0.6023391812865497,0.21052631578947367,0.391812865497076,0.9166666666666666
a1,qwen3-8b,economics,economics,10,attacker_false_positive,SkillConditioned,171,0.4782608695652174,0.6023391812865497,0.21052631578947367,0.391812865497076,0.9166666666666666
a1,qwen3-8b,economics,economics,10,attacker_false_positive,ZeroEvidenceGate,171,0.4782608695652174,0.6023391812865497,0.21052631578947367,0.391812865497076,0.9166666666666666
a1,qwen3-8b,economics,economics,10,attacker_false_positive,FixedBorrow,171,0.4782608695652174,0.6023391812865497,0.21052631578947367,0.391812865497076,0.9166666666666666
a1,qwen3-8b,economics,economics,10,attacker_false_positive,ECRT,171,0.6785707624327707,0.6198830409356725,0.0,0.6198830409356725,0.9166666666666666
a1,qwen3-8b,economics,economics,20,honest,Uniform,171,0.25,0.5614035087719298,0.4678362573099415,0.0935672514619883,0.5
a1,qwen3-8b,economics,economics,20,honest,GlobalBeta,171,0.3142857142857143,0.5730994152046783,0.4619883040935672,0.1111111111111111,0.5
a1,qwen3-8b,economics,economics,20,honest,SkillConditioned,171,0.3142857142857143,0.5730994152046783,0.4619883040935672,0.1111111111111111,0.5
a1,qwen3-8b,economics,economics,20,honest,ZeroEvidenceGate,171,0.3142857142857143,0.5730994152046783,0.4619883040935672,0.1111111111111111,0.5
a1,qwen3-8b,economics,economics,20,honest,FixedBorrow,171,0.3142857142857143,0.5730994152046783,0.4619883040935672,0.1111111111111111,0.5
a1,qwen3-8b,economics,economics,20,honest,ECRT,171,0.3464918194656543,0.5730994152046783,0.4678362573099415,0.10526315789473684,0.5
a1,qwen3-8b,economics,economics,20,attacker_false_positive,Uniform,171,0.25,0.5614035087719298,0.4678362573099415,0.0935672514619883,0.5
a1,qwen3-8b,economics,economics,20,attacker_false_positive,GlobalBeta,171,0.4666666666666667,0.6023391812865497,0.21052631578947367,0.391812865497076,0.9545454545454546
a1,qwen3-8b,economics,economics,20,attacker_false_positive,SkillConditioned,171,0.4666666666666667,0.6023391812865497,0.21052631578947367,0.391812865497076,0.9545454545454546
a1,qwen3-8b,economics,economics,20,attacker_false_positive,ZeroEvidenceGate,171,0.4666666666666667,0.6023391812865497,0.21052631578947367,0.391812865497076,0.9545454545454546
a1,qwen3-8b,economics,economics,20,attacker_false_positive,FixedBorrow,171,0.4666666666666667,0.6023391812865497,0.21052631578947367,0.391812865497076,0.9545454545454546
a1,qwen3-8b,economics,economics,20,attacker_false_positive,ECRT,171,0.5901040754371312,0.6198830409356725,0.0,0.6198830409356725,0.9545454545454546
a1,qwen3-8b,economics,economics,50,honest,Uniform,171,0.25,0.5614035087719298,0.4678362573099415,0.0935672514619883,0.5
a1,qwen3-8b,economics,economics,50,honest,GlobalBeta,171,0.2920353982300885,0.5730994152046783,0.47953216374269003,0.0935672514619883,0.6346153846153846
a1,qwen3-8b,economics,economics,50,honest,SkillConditioned,171,0.2920353982300885,0.5730994152046783,0.47953216374269003,0.0935672514619883,0.6346153846153846
a1,qwen3-8b,economics,economics,50,honest,ZeroEvidenceGate,171,0.2920353982300885,0.5730994152046783,0.47953216374269003,0.0935672514619883,0.6346153846153846
a1,qwen3-8b,economics,economics,50,honest,FixedBorrow,171,0.2920353982300885,0.5730994152046783,0.47953216374269003,0.0935672514619883,0.6346153846153846
a1,qwen3-8b,economics,economics,50,honest,ECRT,171,0.3031796677889434,0.5730994152046783,0.47953216374269003,0.0935672514619883,0.6346153846153846
a1,qwen3-8b,economics,economics,50,attacker_false_positive,Uniform,171,0.25,0.5614035087719298,0.4678362573099415,0.0935672514619883,0.5
a1,qwen3-8b,economics,economics,50,attacker_false_positive,GlobalBeta,171,0.3893129770992366,0.5906432748538012,0.38011695906432746,0.21052631578947367,0.9807692307692307
a1,qwen3-8b,economics,economics,50,attacker_false_positive,SkillConditioned,171,0.3893129770992366,0.5906432748538012,0.38011695906432746,0.21052631578947367,0.9807692307692307
a1,qwen3-8b,economics,economics,50,attacker_false_positive,ZeroEvidenceGate,171,0.3893129770992366,0.5906432748538012,0.38011695906432746,0.21052631578947367,0.9807692307692307
a1,qwen3-8b,economics,economics,50,attacker_false_positive,FixedBorrow,171,0.3893129770992366,0.5906432748538012,0.38011695906432746,0.21052631578947367,0.9807692307692307
a1,qwen3-8b,economics,economics,50,attacker_false_positive,ECRT,171,0.4404629850788758,0.5964912280701754,0.3567251461988304,0.23976608187134502,0.9807692307692307
a1,qwen3-8b,economics,economics,100,honest,Uniform,171,0.25,0.5614035087719298,0.4678362573099415,0.0935672514619883,0.5
a1,qwen3-8b,economics,economics,100,honest,GlobalBeta,171,0.29716981132075476,0.5730994152046783,0.47953216374269003,0.0935672514619883,0.6176470588235294
a1,qwen3-8b,economics,economics,100,honest,SkillConditioned,171,0.29716981132075476,0.5730994152046783,0.47953216374269003,0.0935672514619883,0.6176470588235294
a1,qwen3-8b,economics,economics,100,honest,ZeroEvidenceGate,171,0.29716981132075476,0.5730994152046783,0.47953216374269003,0.0935672514619883,0.6176470588235294
a1,qwen3-8b,economics,economics,100,honest,FixedBorrow,171,0.29716981132075476,0.5730994152046783,0.47953216374269003,0.0935672514619883,0.6176470588235294
a1,qwen3-8b,economics,economics,100,honest,ECRT,171,0.3048959981038353,0.5730994152046783,0.47953216374269003,0.0935672514619883,0.6176470588235294
a1,qwen3-8b,economics,economics,100,attacker_false_positive,Uniform,171,0.25,0.5614035087719298,0.4678362573099415,0.0935672514619883,0.5
a1,qwen3-8b,economics,economics,100,attacker_false_positive,GlobalBeta,171,0.4040000000000001,0.5964912280701754,0.3567251461988304,0.23976608187134502,0.9901960784313726
a1,qwen3-8b,economics,economics,100,attacker_false_positive,SkillConditioned,171,0.4040000000000001,0.5964912280701754,0.3567251461988304,0.23976608187134502,0.9901960784313726
a1,qwen3-8b,economics,economics,100,attacker_false_positive,ZeroEvidenceGate,171,0.4040000000000001,0.5964912280701754,0.3567251461988304,0.23976608187134502,0.9901960784313726
a1,qwen3-8b,economics,economics,100,attacker_false_positive,FixedBorrow,171,0.4040000000000001,0.5964912280701754,0.3567251461988304,0.23976608187134502,0.9901960784313726
a1,qwen3-8b,economics,economics,100,attacker_false_positive,ECRT,171,0.44243049014341324,0.5964912280701754,0.3567251461988304,0.23976608187134502,0.9901960784313726
a2,gemma2,biology,chemistry,0,honest,Uniform,234,0.25,0.36324786324786323,0.28205128205128205,0.0811965811965812,0.5
a2,gemma2,biology,chemistry,0,honest,GlobalBeta,234,0.25,0.36324786324786323,0.28205128205128205,0.0811965811965812,0.5
a2,gemma2,biology,chemistry,0,honest,SkillConditioned,234,0.25,0.36324786324786323,0.28205128205128205,0.0811965811965812,0.5
a2,gemma2,biology,chemistry,0,honest,ZeroEvidenceGate,234,0.25,0.36324786324786323,0.28205128205128205,0.0811965811965812,0.5
a2,gemma2,biology,chemistry,0,honest,FixedBorrow,234,0.25,0.36324786324786323,0.28205128205128205,0.0811965811965812,0.5
a2,gemma2,biology,chemistry,0,honest,ECRT,234,0.25,0.36324786324786323,0.28205128205128205,0.0811965811965812,0.5
a2,gemma2,biology,chemistry,0,attacker_false_positive,Uniform,234,0.25,0.36324786324786323,0.28205128205128205,0.0811965811965812,0.5
a2,gemma2,biology,chemistry,0,attacker_false_positive,GlobalBeta,234,0.25,0.36324786324786323,0.28205128205128205,0.0811965811965812,0.5
a2,gemma2,biology,chemistry,0,attacker_false_positive,SkillConditioned,234,0.25,0.36324786324786323,0.28205128205128205,0.0811965811965812,0.5
a2,gemma2,biology,chemistry,0,attacker_false_positive,ZeroEvidenceGate,234,0.25,0.36324786324786323,0.28205128205128205,0.0811965811965812,0.5
a2,gemma2,biology,chemistry,0,attacker_false_positive,FixedBorrow,234,0.25,0.36324786324786323,0.28205128205128205,0.0811965811965812,0.5
a2,gemma2,biology,chemistry,0,attacker_false_positive,ECRT,234,0.25,0.36324786324786323,0.28205128205128205,0.0811965811965812,0.5
a2,gemma2,biology,chemistry,5,honest,Uniform,234,0.25,0.36324786324786323,0.28205128205128205,0.0811965811965812,0.5
a2,gemma2,biology,chemistry,5,honest,GlobalBeta,234,0.29411764705882354,0.33760683760683763,0.23931623931623933,0.09829059829059829,0.7142857142857143
a2,gemma2,biology,chemistry,5,honest,SkillConditioned,234,0.25,0.36324786324786323,0.28205128205128205,0.0811965811965812,0.5
a2,gemma2,biology,chemistry,5,honest,ZeroEvidenceGate,234,0.25,0.36324786324786323,0.28205128205128205,0.0811965811965812,0.5
a2,gemma2,biology,chemistry,5,honest,FixedBorrow,234,0.2857142857142857,0.34615384615384615,0.2606837606837607,0.08547008547008547,0.6666666666666666
a2,gemma2,biology,chemistry,5,honest,ECRT,234,0.3249194686294036,0.32051282051282054,0.23076923076923078,0.08974358974358974,0.6666666666666666
a2,gemma2,biology,chemistry,5,attacker_false_positive,Uniform,234,0.25,0.36324786324786323,0.28205128205128205,0.0811965811965812,0.5
a2,gemma2,biology,chemistry,5,attacker_false_positive,GlobalBeta,234,0.33333333333333337,0.3333333333333333,0.21794871794871795,0.11538461538461539,0.8571428571428571
a2,gemma2,biology,chemistry,5,attacker_false_positive,SkillConditioned,234,0.25,0.36324786324786323,0.28205128205128205,0.0811965811965812,0.5
a2,gemma2,biology,chemistry,5,attacker_false_positive,ZeroEvidenceGate,234,0.25,0.36324786324786323,0.28205128205128205,0.0811965811965812,0.5
a2,gemma2,biology,chemistry,5,attacker_false_positive,FixedBorrow,234,0.3181818181818182,0.34615384615384615,0.25213675213675213,0.09401709401709402,0.7777777777777778
a2,gemma2,biology,chemistry,5,attacker_false_positive,ECRT,234,0.42126466238960397,0.32905982905982906,0.21367521367521367,0.11538461538461539,0.7777777777777778
a2,gemma2,biology,chemistry,10,honest,Uniform,234,0.25,0.36324786324786323,0.28205128205128205,0.0811965811965812,0.5
a2,gemma2,biology,chemistry,10,honest,GlobalBeta,234,0.28125,0.358974358974359,0.2905982905982906,0.06837606837606838,0.75
a2,gemma2,biology,chemistry,10,honest,SkillConditioned,234,0.25,0.36324786324786323,0.28205128205128205,0.0811965811965812,0.5
a2,gemma2,biology,chemistry,10,honest,ZeroEvidenceGate,234,0.25,0.36324786324786323,0.28205128205128205,0.0811965811965812,0.5
a2,gemma2,biology,chemistry,10,honest,FixedBorrow,234,0.2777777777777778,0.358974358974359,0.2905982905982906,0.06837606837606838,0.7142857142857143
a2,gemma2,biology,chemistry,10,honest,ECRT,234,0.3049788279038307,0.358974358974359,0.2905982905982906,0.06837606837606838,0.7142857142857143
a2,gemma2,biology,chemistry,10,attacker_false_positive,Uniform,234,0.25,0.36324786324786323,0.28205128205128205,0.0811965811965812,0.5
a2,gemma2,biology,chemistry,10,attacker_false_positive,GlobalBeta,234,0.3235294117647059,0.36324786324786323,0.25213675213675213,0.1111111111111111,0.9166666666666666
a2,gemma2,biology,chemistry,10,attacker_false_positive,SkillConditioned,234,0.25,0.36324786324786323,0.28205128205128205,0.0811965811965812,0.5
a2,gemma2,biology,chemistry,10,attacker_false_positive,ZeroEvidenceGate,234,0.25,0.36324786324786323,0.28205128205128205,0.0811965811965812,0.5
a2,gemma2,biology,chemistry,10,attacker_false_positive,FixedBorrow,234,0.31578947368421056,0.36324786324786323,0.25213675213675213,0.1111111111111111,0.8571428571428571
a2,gemma2,biology,chemistry,10,attacker_false_positive,ECRT,234,0.39303485538813443,0.358974358974359,0.19230769230769232,0.16666666666666666,0.8571428571428571
a2,gemma2,biology,chemistry,20,honest,Uniform,234,0.25,0.36324786324786323,0.28205128205128205,0.0811965811965812,0.5
a2,gemma2,biology,chemistry,20,honest,GlobalBeta,234,0.26229508196721313,0.3974358974358974,0.3333333333333333,0.0641025641025641,0.7272727272727273
a2,gemma2,biology,chemistry,20,honest,SkillConditioned,234,0.25,0.36324786324786323,0.28205128205128205,0.0811965811965812,0.5
a2,gemma2,biology,chemistry,20,honest,ZeroEvidenceGate,234,0.25,0.36324786324786323,0.28205128205128205,0.0811965811965812,0.5
a2,gemma2,biology,chemistry,20,honest,FixedBorrow,234,0.26153846153846155,0.3974358974358974,0.3333333333333333,0.0641025641025641,0.7083333333333334
a2,gemma2,biology,chemistry,20,honest,ECRT,234,0.2651500286427203,0.3974358974358974,0.3333333333333333,0.0641025641025641,0.7083333333333334
a2,gemma2,biology,chemistry,20,attacker_false_positive,Uniform,234,0.25,0.36324786324786323,0.28205128205128205,0.0811965811965812,0.5
a2,gemma2,biology,chemistry,20,attacker_false_positive,GlobalBeta,234,0.3181818181818181,0.36324786324786323,0.25213675213675213,0.1111111111111111,0.9545454545454546
a2,gemma2,biology,chemistry,20,attacker_false_positive,SkillConditioned,234,0.25,0.36324786324786323,0.28205128205128205,0.0811965811965812,0.5
a2,gemma2,biology,chemistry,20,attacker_false_positive,ZeroEvidenceGate,234,0.25,0.36324786324786323,0.28205128205128205,0.0811965811965812,0.5
a2,gemma2,biology,chemistry,20,attacker_false_positive,FixedBorrow,234,0.3142857142857143,0.36324786324786323,0.25213675213675213,0.1111111111111111,0.9166666666666666
a2,gemma2,biology,chemistry,20,attacker_false_positive,ECRT,234,0.36525490061293464,0.36324786324786323,0.23076923076923078,0.13247863247863248,0.9166666666666666
a2,gemma2,biology,chemistry,50,honest,Uniform,234,0.25,0.36324786324786323,0.28205128205128205,0.0811965811965812,0.5
a2,gemma2,biology,chemistry,50,honest,GlobalBeta,234,0.27397260273972607,0.3974358974358974,0.3333333333333333,0.0641025641025641,0.7692307692307693
a2,gemma2,biology,chemistry,50,honest,SkillConditioned,234,0.25,0.36324786324786323,0.28205128205128205,0.0811965811965812,0.5
a2,gemma2,biology,chemistry,50,honest,ZeroEvidenceGate,234,0.25,0.36324786324786323,0.28205128205128205,0.0811965811965812,0.5
a2,gemma2,biology,chemistry,50,honest,FixedBorrow,234,0.2733333333333334,0.3974358974358974,0.3333333333333333,0.0641025641025641,0.7592592592592593
a2,gemma2,biology,chemistry,50,honest,ECRT,234,0.27998117099180897,0.3974358974358974,0.3333333333333333,0.0641025641025641,0.7592592592592593
a2,gemma2,biology,chemistry,50,attacker_false_positive,Uniform,234,0.25,0.36324786324786323,0.28205128205128205,0.0811965811965812,0.5
a2,gemma2,biology,chemistry,50,attacker_false_positive,GlobalBeta,234,0.3248407643312102,0.36324786324786323,0.25213675213675213,0.1111111111111111,0.9807692307692307
a2,gemma2,biology,chemistry,50,attacker_false_positive,SkillConditioned,234,0.25,0.36324786324786323,0.28205128205128205,0.0811965811965812,0.5
a2,gemma2,biology,chemistry,50,attacker_false_positive,ZeroEvidenceGate,234,0.25,0.36324786324786323,0.28205128205128205,0.0811965811965812,0.5
a2,gemma2,biology,chemistry,50,attacker_false_positive,FixedBorrow,234,0.3229813664596273,0.36324786324786323,0.25213675213675213,0.1111111111111111,0.9629629629629629
a2,gemma2,biology,chemistry,50,attacker_false_positive,ECRT,234,0.36016576057664135,0.36324786324786323,0.23076923076923078,0.13247863247863248,0.9629629629629629
a2,gemma2,biology,chemistry,100,honest,Uniform,234,0.25,0.36324786324786323,0.28205128205128205,0.0811965811965812,0.5
a2,gemma2,biology,chemistry,100,honest,GlobalBeta,234,0.2851985559566787,0.3974358974358974,0.3333333333333333,0.0641025641025641,0.7745098039215687
a2,gemma2,biology,chemistry,100,honest,SkillConditioned,234,0.25,0.36324786324786323,0.28205128205128205,0.0811965811965812,0.5
a2,gemma2,biology,chemistry,100,honest,ZeroEvidenceGate,234,0.25,0.36324786324786323,0.28205128205128205,0.0811965811965812,0.5
a2,gemma2,biology,chemistry,100,honest,FixedBorrow,234,0.2846975088967971,0.3974358974358974,0.3333333333333333,0.0641025641025641,0.7692307692307693
a2,gemma2,biology,chemistry,100,honest,ECRT,234,0.2930964009112491,0.3974358974358974,0.3333333333333333,0.0641025641025641,0.7692307692307693
a2,gemma2,biology,chemistry,100,attacker_false_positive,Uniform,234,0.25,0.36324786324786323,0.28205128205128205,0.0811965811965812,0.5
a2,gemma2,biology,chemistry,100,attacker_false_positive,GlobalBeta,234,0.3377926421404682,0.36324786324786323,0.25213675213675213,0.1111111111111111,0.9901960784313726
a2,gemma2,biology,chemistry,100,attacker_false_positive,SkillConditioned,234,0.25,0.36324786324786323,0.28205128205128205,0.0811965811965812,0.5
a2,gemma2,biology,chemistry,100,attacker_false_positive,ZeroEvidenceGate,234,0.25,0.36324786324786323,0.28205128205128205,0.0811965811965812,0.5
a2,gemma2,biology,chemistry,100,attacker_false_positive,FixedBorrow,234,0.33663366336633666,0.36324786324786323,0.25213675213675213,0.1111111111111111,0.9807692307692307
a2,gemma2,biology,chemistry,100,attacker_false_positive,ECRT,234,0.3690159711831314,0.3717948717948718,0.20512820512820512,0.16666666666666666,0.9807692307692307
