split,subject,agent,n,n_requested,n_correct,accuracy,ci_lo,ci_hi,unknown
train_calibration,biology,qwen3-8b,100,100,84,0.84,0.7557955544110557,0.8990479765052628,0
train_calibration,biology,gemma2,100,100,78,0.78,0.6892946528499969,0.849988254963442,0
train_calibration,biology,llama3-8b,100,100,65,0.65,0.5525426042919797,0.7363589534652197,0
train_calibration,biology,qwen3-0.6b,100,100,46,0.46,0.36560643853331865,0.5573531460647615,0
train_calibration,business,qwen3-8b,100,100,40,0.4,0.3093997461136028,0.4979992153815976,0
train_calibration,business,gemma2,100,100,29,0.29,0.21014706973984146,0.38539074940007934,0
train_calibration,business,llama3-8b,100,100,34,0.34,0.25461379497543,0.43722454341689065,0
train_calibration,business,qwen3-0.6b,100,100,30,0.3,0.21894753866228117,0.39585038432811953,0
train_calibration,chemistry,qwen3-8b,100,100,36,0.36,0.2727107459049014,0.45764780018837914,0
train_calibration,chemistry,gemma2,100,100,39,0.39,0.300167219319702,0.48797163832501844,0
train_calibration,chemistry,llama3-8b,100,100,24,0.24,0.16691211265459965,0.3323251872329213,0
train_calibration,chemistry,qwen3-0.6b,100,100,27,0.27,0.1926946091766482,0.3643230022623127,0
train_calibration,computer science,qwen3-8b,100,100,54,0.54,0.44264685393523856,0.6343935614666815,0
train_calibration,computer science,gemma2,100,100,39,0.39,0.300167219319702,0.48797163832501844,0
train_calibration,computer science,llama3-8b,100,100,35,0.35,0.2636410465347802,0.4474573957080203,0
train_calibration,computer science,qwen3-0.6b,100,100,17,0.17,0.10893476059773155,0.25548181233642975,0
train_calibration,economics,qwen3-8b,100,100,62,0.62,0.5220957382071033,0.7090255079986562,0
train_calibration,economics,gemma2,100,100,67,0.67,0.5730516033971139,0.7543701620610456,0
train_calibration,economics,llama3-8b,100,100,49,0.49,0.3942183009238615,0.5865215952256586,0
train_calibration,economics,qwen3-0.6b,100,100,30,0.3,0.21894753866228117,0.39585038432811953,0
train_calibration,engineering,qwen3-8b,100,100,45,0.45,0.3561437510640346,0.5475557296835656,0
train_calibration,engineering,gemma2,100,100,40,0.4,0.3093997461136028,0.4979992153815976,0
train_calibration,engineering,llama3-8b,100,100,32,0.32,0.2366901081545688,0.4166280225367919,0
train_calibration,engineering,qwen3-0.6b,100,100,31,0.31,0.22779563206132378,0.40626239477955695,0
train_calibration,health,qwen3-8b,100,100,55,0.55,0.45244427031643447,0.6438562489359654,0
train_calibration,health,gemma2,100,100,56,0.56,0.4622792771125631,0.6532813459903167,0
train_calibration,health,llama3-8b,100,100,54,0.54,0.44264685393523856,0.6343935614666815,0
train_calibration,health,qwen3-0.6b,100,100,16,0.16,0.10095202349473717,0.24420444558894414,0
train_calibration,history,qwen3-8b,100,100,55,0.55,0.45244427031643447,0.6438562489359654,0
train_calibration,history,gemma2,100,100,51,0.51,0.4134784047743415,0.6057816990761385,0
train_calibration,history,llama3-8b,100,100,43,0.43,0.3373313900052838,0.5278478830413564,0
train_calibration,history,qwen3-0.6b,100,100,24,0.24,0.16691211265459965,0.3323251872329213,0
train_calibration,law,qwen3-8b,100,100,30,0.3,0.21894753866228117,0.39585038432811953,0
train_calibration,law,gemma2,100,100,34,0.34,0.25461379497543,0.43722454341689065,0
train_calibration,law,llama3-8b,100,100,28,0.28,0.2013955916759837,0.37488212361345724,0
train_calibration,law,qwen3-0.6b,100,100,21,0.21,0.14165549531645788,0.2998014930196232,0
train_calibration,math,qwen3-8b,100,100,38,0.38,0.2909744920013438,0.47790426179289663,0
train_calibration,math,gemma2,100,100,31,0.31,0.22779563206132378,0.40626239477955695,0
train_calibration,math,llama3-8b,100,100,18,0.18,0.11700131654251038,0.26667536024213084,0
train_calibration,math,qwen3-0.6b,100,100,16,0.16,0.10095202349473717,0.24420444558894414,0
train_calibration,other,qwen3-8b,100,100,44,0.44,0.34671865400968327,0.537720722887437,0
train_calibration,other,gemma2,100,100,50,0.5,0.40382982859014716,0.5961701714098528,0
train_calibration,other,llama3-8b,100,100,43,0.43,0.3373313900052838,0.5278478830413564,0
train_calibration,other,qwen3-0.6b,100,100,24,0.24,0.16691211265459965,0.3323251872329213,0
train_calibration,philosophy,qwen3-8b,100,100,51,0.51,0.4134784047743415,0.6057816990761385,0
train_calibration,philosophy,gemma2,100,100,55,0.55,0.45244427031643447,0.6438562489359654,0
train_calibration,philosophy,llama3-8b,100,100,32,0.32,0.2366901081545688,0.4166280225367919,0
train_calibration,philosophy,qwen3-0.6b,100,100,13,0.13,0.07757093858414264,0.20980521894809878,0
train_calibration,physics,qwen3-8b,100,100,40,0.4,0.3093997461136028,0.4979992153815976,0
train_calibration,physics,gemma2,100,100,33,0.33,0.24562983793895452,0.4269483966028862,0
train_calibration,physics,llama3-8b,100,100,28,0.28,0.2013955916759837,0.37488212361345724,0
train_calibration,physics,qwen3-0.6b,100,100,18,0.18,0.11700131654251038,0.26667536024213084,0
train_calibration,psychology,qwen3-8b,100,100,62,0.62,0.5220957382071033,0.7090255079986562,0
train_calibration,psychology,gemma2,100,100,58,0.58,0.4820630799889527,0.672017750814887,0
train_calibration,psychology,llama3-8b,100,100,57,0.57,0.4721521169586435,0.6626686099947162,0
train_calibration,psychology,qwen3-0.6b,100,100,38,0.38,0.2909744920013438,0.47790426179289663,0
dev,biology,qwen3-8b,50,50,30,0.6,0.4618118910275937,0.7239181021375425,0
dev,biology,gemma2,50,50,32,0.64,0.5014076201030195,0.7586143703281711,0
dev,biology,llama3-8b,50,50,32,0.64,0.5014076201030195,0.7586143703281711,0
dev,biology,qwen3-0.6b,50,50,20,0.4,0.2760818978624575,0.5381881089724063,0
dev,business,qwen3-8b,50,50,19,0.38,0.2586259584257722,0.5184980497760643,0
dev,business,gemma2,50,50,16,0.32,0.20758044093999403,0.45810557136276076,0
dev,business,llama3-8b,50,50,14,0.28,0.17474014357680362,0.4166538714598967,0
dev,business,qwen3-0.6b,50,50,11,0.22,0.12753786224302288,0.35241815689459555,0
dev,chemistry,qwen3-8b,50,50,24,0.48,0.3479691239550571,0.6148848774119157,0
dev,chemistry,gemma2,50,50,12,0.24,0.14297252401872207,0.3741294937519236,0
dev,chemistry,llama3-8b,50,50,13,0.26,0.15871379651367384,0.3955342198899992,0
dev,chemistry,qwen3-0.6b,50,50,13,0.26,0.15871379651367384,0.3955342198899992,0
dev,computer science,qwen3-8b,50,50,23,0.46,0.3296943460178263,0.5960136567161192,0
dev,computer science,gemma2,50,50,24,0.48,0.3479691239550571,0.6148848774119157,0
dev,computer science,llama3-8b,50,50,16,0.32,0.20758044093999403,0.45810557136276076,0
dev,computer science,qwen3-0.6b,50,50,12,0.24,0.14297252401872207,0.3741294937519236,0
dev,economics,qwen3-8b,50,50,34,0.68,0.5418944286372394,0.792419559060006,0
dev,economics,gemma2,50,50,30,0.6,0.4618118910275937,0.7239181021375425,0
dev,economics,llama3-8b,50,50,22,0.44,0.3116198721023534,0.5769421319985648,0
dev,economics,qwen3-0.6b,50,50,12,0.24,0.14297252401872207,0.3741294937519236,0
dev,engineering,qwen3-8b,50,50,21,0.42,0.2937479723456693,0.5576680331222217,0
dev,engineering,gemma2,50,50,19,0.38,0.2586259584257722,0.5184980497760643,0
dev,engineering,llama3-8b,50,50,23,0.46,0.3296943460178263,0.5960136567161192,0
dev,engineering,qwen3-0.6b,50,50,13,0.26,0.15871379651367384,0.3955342198899992,0
dev,health,qwen3-8b,50,50,24,0.48,0.3479691239550571,0.6148848774119157,0
dev,health,gemma2,50,50,26,0.52,0.3851151225880844,0.6520308760449429,0
dev,health,llama3-8b,50,50,28,0.56,0.4230578680014353,0.6883801278976466,0
dev,health,qwen3-0.6b,50,50,10,0.2,0.11243629945973886,0.3303737210448524,0
dev,history,qwen3-8b,50,50,27,0.54,0.40398634328388083,0.6703056539821737,0
dev,history,gemma2,50,50,25,0.5,0.36644286412332855,0.6335571358766714,0
dev,history,llama3-8b,50,50,19,0.38,0.2586259584257722,0.5184980497760643,0
dev,history,qwen3-0.6b,50,50,7,0.14,0.06950745262022862,0.2618645719852809,0
dev,law,qwen3-8b,50,50,16,0.32,0.20758044093999403,0.45810557136276076,0
dev,law,gemma2,50,50,13,0.26,0.15871379651367384,0.3955342198899992,0
dev,law,llama3-8b,50,50,15,0.3,0.1910338908960936,0.4375061227736339,0
dev,law,qwen3-0.6b,50,50,10,0.2,0.11243629945973886,0.3303737210448524,0
dev,math,qwen3-8b,50,50,12,0.24,0.14297252401872207,0.3741294937519236,0
dev,math,gemma2,50,50,8,0.16,0.08337321362087696,0.2851448096176598,0
dev,math,llama3-8b,50,50,7,0.14,0.06950745262022862,0.2618645719852809,0
dev,math,qwen3-0.6b,50,50,8,0.16,0.08337321362087696,0.2851448096176598,0
dev,other,qwen3-8b,50,50,23,0.46,0.3296943460178263,0.5960136567161192,0
dev,other,gemma2,50,50,29,0.58,0.4423319668777783,0.7062520276543307,0
dev,other,llama3-8b,50,50,18,0.36,0.24138562967182875,0.49859237989698046,0
dev,other,qwen3-0.6b,50,50,11,0.22,0.12753786224302288,0.35241815689459555,0
dev,philosophy,qwen3-8b,50,50,21,0.42,0.2937479723456693,0.5576680331222217,0
dev,philosophy,gemma2,50,50,20,0.4,0.2760818978624575,0.5381881089724063,0
dev,philosophy,llama3-8b,50,50,20,0.4,0.2760818978624575,0.5381881089724063,0
dev,philosophy,qwen3-0.6b,50,50,7,0.14,0.06950745262022862,0.2618645719852809,0
dev,physics,qwen3-8b,50,50,16,0.32,0.20758044093999403,0.45810557136276076,0
dev,physics,gemma2,50,50,12,0.24,0.14297252401872207,0.3741294937519236,0
dev,physics,llama3-8b,50,50,9,0.18,0.0977008273245379,0.3079631945470261,0
dev,physics,qwen3-0.6b,50,50,8,0.16,0.08337321362087696,0.2851448096176598,0
dev,psychology,qwen3-8b,50,50,34,0.68,0.5418944286372394,0.792419559060006,0
dev,psychology,gemma2,50,50,34,0.68,0.5418944286372394,0.792419559060006,0
dev,psychology,llama3-8b,50,50,30,0.6,0.4618118910275937,0.7239181021375425,0
dev,psychology,qwen3-0.6b,50,50,18,0.36,0.24138562967182875,0.49859237989698046,0
test,biology,qwen3-8b,146,146,110,0.7534246575342466,0.6776086697612577,0.8162461742873911,0
test,biology,gemma2,146,146,105,0.7191780821917808,0.6413826880111584,0.785735014949835,0
test,biology,llama3-8b,146,146,94,0.6438356164383562,0.5633845775588833,0.7169114150092688,0
test,biology,qwen3-0.6b,146,146,60,0.410958904109589,0.3344293943372726,0.4920540388348239,0
test,business,qwen3-8b,167,167,74,0.4431137724550898,0.36989158463283006,0.5188942848509491,0
test,business,gemma2,167,167,64,0.38323353293413176,0.31290791101577003,0.45881045266146087,0
test,business,llama3-8b,167,167,43,0.25748502994011974,0.19714453214559552,0.32873206933788385,0
test,business,qwen3-0.6b,167,167,37,0.2215568862275449,0.16522886359243172,0.29040723440711874,0
test,chemistry,qwen3-8b,234,234,97,0.41452991452991456,0.3532853831792539,0.4785354589274256,0
test,chemistry,gemma2,234,234,83,0.3547008547008547,0.2961996063088992,0.41789582527245583,0
test,chemistry,llama3-8b,234,234,57,0.24358974358974358,0.19302106602614688,0.30244146029389135,0
test,chemistry,qwen3-0.6b,234,234,52,0.2222222222222222,0.1736822622362025,0.2797354746105055,0
test,computer science,qwen3-8b,97,97,49,0.5051546391752577,0.40737305891143216,0.6025434834679033,0
test,computer science,gemma2,97,97,56,0.5773195876288659,0.4779127957568308,0.6708353399332019,0
test,computer science,llama3-8b,97,97,41,0.422680412371134,0.3291646600667981,0.5220872042431691,0
test,computer science,qwen3-0.6b,97,97,28,0.28865979381443296,0.207901259917661,0.385520502529583,0
test,economics,qwen3-8b,171,171,106,0.6198830409356725,0.5452480713791868,0.6892498970676816,0
test,economics,gemma2,171,171,95,0.5555555555555556,0.48066911292221637,0.6280006773336496,0
test,economics,llama3-8b,171,171,84,0.49122807017543857,0.4173173755720263,0.5655242364928369,0
test,economics,qwen3-0.6b,171,171,62,0.36257309941520466,0.2942685432460075,0.4369167124368506,0
test,engineering,qwen3-8b,203,203,92,0.45320197044334976,0.3862239030427317,0.5219183662106487,0
test,engineering,gemma2,203,203,88,0.43349753694581283,0.3671859919307624,0.5022793380608834,0
test,engineering,llama3-8b,203,203,76,0.37438423645320196,0.31072069941765,0.44271381278879196,0
test,engineering,qwen3-0.6b,203,203,44,0.21674876847290642,0.16561150770757832,0.278407490404987,0
test,health,qwen3-8b,156,156,85,0.5448717948717948,0.4665844188811496,0.6210022919625855,0
test,health,gemma2,156,156,79,0.5064102564102564,0.42874822941313184,0.5837641578502589,0
test,health,llama3-8b,156,156,65,0.4166666666666667,0.3422132319456984,0.4951257336302217,0
test,health,qwen3-0.6b,156,156,26,0.16666666666666666,0.11634948845469845,0.23300637384898215,0
test,history,qwen3-8b,72,72,35,0.4861111111111111,0.3743248074300839,0.5993044408980104,0
test,history,gemma2,72,72,36,0.5,0.38746896004724257,0.6125310399527575,0
test,history,llama3-8b,72,72,28,0.3888888888888889,0.2846554187000152,0.5043785679247396,0
test,history,qwen3-0.6b,72,72,11,0.1527777777777778,0.08750619034775439,0.25322501785460416,0
test,law,qwen3-8b,226,226,72,0.3185840707964602,0.2613034816674889,0.3819290750150263,0
test,law,gemma2,226,226,83,0.3672566371681416,0.307113988858434,0.4318366623726747,0
test,law,llama3-8b,226,226,70,0.30973451327433627,0.25305165673555285,0.3727776100290362,0
test,law,qwen3-0.6b,226,226,45,0.19911504424778761,0.15227247596383414,0.256015666826679,0
test,math,qwen3-8b,249,249,92,0.36947791164658633,0.3119335681475498,0.43098848265421696,0
test,math,gemma2,249,249,83,0.3333333333333333,0.27770385340627035,0.3940273806944472,0
test,math,llama3-8b,249,249,53,0.21285140562248997,0.16657164814455516,0.2678568636193318,0
test,math,qwen3-0.6b,249,249,42,0.1686746987951807,0.12727755461604587,0.22013995895766983,0
test,other,qwen3-8b,187,187,89,0.47593582887700536,0.4055610541958577,0.5472794166448813,0
test,other,gemma2,187,187,90,0.48128342245989303,0.41076916791365214,0.5525511982958115,0
test,other,llama3-8b,187,187,69,0.3689839572192513,0.3031094622030822,0.44013310126316396,0
test,other,qwen3-0.6b,187,187,42,0.22459893048128343,0.17067488279140935,0.28961050571927177,0
test,philosophy,qwen3-8b,110,110,44,0.4,0.3133177568006176,0.493431269917208,0
test,philosophy,gemma2,110,110,49,0.44545454545454544,0.3559755711590631,0.53861480705066,0
test,philosophy,llama3-8b,110,110,43,0.39090909090909093,0.3048783929724045,0.4843023634470416,0
test,philosophy,qwen3-0.6b,110,110,18,0.16363636363636364,0.10608722310923731,0.24388677585072116,0
test,physics,qwen3-8b,254,254,116,0.4566929133858268,0.3965332103950273,0.5181430869906544,0
test,physics,gemma2,254,254,82,0.3228346456692913,0.2683420344050479,0.38260645490001366,0
test,physics,llama3-8b,254,254,66,0.25984251968503935,0.2097712494743455,0.31707003602807143,0
test,physics,qwen3-0.6b,254,254,51,0.20078740157480315,0.15614595580641089,0.2543448261310266,0
test,psychology,qwen3-8b,144,144,93,0.6458333333333334,0.5648566235307655,0.7192312110164798,0
test,psychology,gemma2,144,144,97,0.6736111111111112,0.5933813653547764,0.7448184376776585,0
test,psychology,llama3-8b,144,144,88,0.6111111111111112,0.5295875556674611,0.6868603182732972,0
test,psychology,qwen3-0.6b,144,144,50,0.3472222222222222,0.2743455215337146,0.4280386517977428,0
