target,source,t,q,seed,method,n_tasks,n_correct,team_accuracy,brier_binary,competence_mae,n_unique_expert_tasks,unique_expert_success,scores
biology,biology,same,real_modal_judge,0,Uniform,146,108,0.7397260273972602,0.25,0.17636986301369864,15,0.06666666666666667,"{""qwen3-8b"": 0.5, ""gemma2"": 0.5, ""llama3-8b"": 0.5, ""qwen3-0.6b"": 0.5}"
biology,biology,same,real_modal_judge,0,FixedBorrow,146,109,0.7465753424657534,0.2197250761035011,0.05736301369863016,15,0.06666666666666667,"{""qwen3-8b"": 0.666667, ""gemma2"": 0.75, ""llama3-8b"": 0.75, ""qwen3-0.6b"": 0.416667}"
biology,biology,same,real_modal_judge,0,ECRT,146,109,0.7465753424657534,0.2446616639119046,0.15039835120845393,15,0.06666666666666667,"{""qwen3-8b"": 0.490918, ""gemma2"": 0.528787, ""llama3-8b"": 0.528787, ""qwen3-0.6b"": 0.377312}"
biology,biology,same,real_modal_judge,0,OracleFixedBorrow,146,109,0.7465753424657534,0.21561073059360789,0.02111872146118722,15,0.06666666666666667,"{""qwen3-8b"": 0.75, ""gemma2"": 0.666667, ""llama3-8b"": 0.666667, ""qwen3-0.6b"": 0.416667}"
chemistry,biology,related,real_modal_judge,0,Uniform,234,85,0.36324786324786323,0.25,0.19123931623931623,55,0.09090909090909091,"{""qwen3-8b"": 0.5, ""gemma2"": 0.5, ""llama3-8b"": 0.5, ""qwen3-0.6b"": 0.5}"
chemistry,biology,related,real_modal_judge,0,FixedBorrow,234,81,0.34615384615384615,0.31856139891854107,0.3162393162393162,55,0.05454545454545454,"{""qwen3-8b"": 0.642857, ""gemma2"": 0.714286, ""llama3-8b"": 0.714286, ""qwen3-0.6b"": 0.428571}"
chemistry,biology,related,real_modal_judge,0,ECRT,234,81,0.34615384615384615,0.243101880916157,0.17534014240506413,55,0.05454545454545454,"{""qwen3-8b"": 0.492216, ""gemma2"": 0.524675, ""llama3-8b"": 0.524675, ""qwen3-0.6b"": 0.394839}"
chemistry,biology,related,real_modal_judge,0,OracleFixedBorrow,234,93,0.3974358974358974,0.3008895866038715,0.2983821733821734,55,0.2727272727272727,"{""qwen3-8b"": 0.714286, ""gemma2"": 0.642857, ""llama3-8b"": 0.642857, ""qwen3-0.6b"": 0.428571}"
health,biology,related,real_modal_judge,0,Uniform,156,82,0.5256410256410257,0.25,0.11698717948717947,32,0.15625,"{""qwen3-8b"": 0.5, ""gemma2"": 0.5, ""llama3-8b"": 0.5, ""qwen3-0.6b"": 0.5}"
health,biology,related,real_modal_judge,0,FixedBorrow,156,83,0.532051282051282,0.2724686028257449,0.21634615384615385,32,0.09375,"{""qwen3-8b"": 0.642857, ""gemma2"": 0.714286, ""llama3-8b"": 0.714286, ""qwen3-0.6b"": 0.428571}"
health,biology,related,real_modal_judge,0,ECRT,156,83,0.532051282051282,0.23668106948777534,0.10177509083106373,32,0.09375,"{""qwen3-8b"": 0.492216, ""gemma2"": 0.524675, ""llama3-8b"": 0.524675, ""qwen3-0.6b"": 0.394839}"
health,biology,related,real_modal_judge,0,OracleFixedBorrow,156,87,0.5576923076923077,0.26174123495552,0.198489010989011,32,0.21875,"{""qwen3-8b"": 0.714286, ""gemma2"": 0.642857, ""llama3-8b"": 0.642857, ""qwen3-0.6b"": 0.428571}"
business,business,same,real_modal_judge,0,Uniform,167,62,0.3712574850299401,0.25,0.17365269461077845,50,0.08,"{""qwen3-8b"": 0.5, ""gemma2"": 0.5, ""llama3-8b"": 0.5, ""qwen3-0.6b"": 0.5}"
business,business,same,real_modal_judge,0,FixedBorrow,167,66,0.39520958083832336,0.228584497671324,0.10104790419161679,50,0.14,"{""qwen3-8b"": 0.5, ""gemma2"": 0.333333, ""llama3-8b"": 0.5, ""qwen3-0.6b"": 0.166667}"
business,business,same,real_modal_judge,0,ECRT,167,66,0.39520958083832336,0.21903192816165507,0.06789193748070232,50,0.14,"{""qwen3-8b"": 0.415181, ""gemma2"": 0.339443, ""llama3-8b"": 0.415181, ""qwen3-0.6b"": 0.263705}"
business,business,same,real_modal_judge,0,OracleFixedBorrow,167,61,0.3652694610778443,0.23297155688622784,0.12849301397205593,50,0.06,"{""qwen3-8b"": 0.333333, ""gemma2"": 0.166667, ""llama3-8b"": 0.416667, ""qwen3-0.6b"": 0.25}"
economics,business,related,real_modal_judge,0,Uniform,171,96,0.5614035087719298,0.25,0.08040935672514621,38,0.07894736842105263,"{""qwen3-8b"": 0.5, ""gemma2"": 0.5, ""llama3-8b"": 0.5, ""qwen3-0.6b"": 0.5}"
economics,business,related,real_modal_judge,0,FixedBorrow,171,99,0.5789473684210527,0.2598460436806298,0.11883876357560569,38,0.07894736842105263,"{""qwen3-8b"": 0.5, ""gemma2"": 0.357143, ""llama3-8b"": 0.5, ""qwen3-0.6b"": 0.214286}"
economics,business,related,real_modal_judge,0,ECRT,171,100,0.5847953216374269,0.2615778098643556,0.12870082723511853,38,0.10526315789473684,"{""qwen3-8b"": 0.427298, ""gemma2"": 0.36238, ""llama3-8b"": 0.427298, ""qwen3-0.6b"": 0.297462}"
economics,business,related,real_modal_judge,0,OracleFixedBorrow,171,98,0.5730994152046783,0.2897272944265421,0.18588137009189637,38,0.07894736842105263,"{""qwen3-8b"": 0.357143, ""gemma2"": 0.214286, ""llama3-8b"": 0.428571, ""qwen3-0.6b"": 0.285714}"
psychology,business,related,real_modal_judge,0,Uniform,144,97,0.6736111111111112,0.25,0.14583333333333337,27,0.14814814814814814,"{""qwen3-8b"": 0.5, ""gemma2"": 0.5, ""llama3-8b"": 0.5, ""qwen3-0.6b"": 0.5}"
psychology,business,related,real_modal_judge,0,FixedBorrow,144,93,0.6458333333333334,0.26608560090702943,0.17658730158730163,27,0.037037037037037035,"{""qwen3-8b"": 0.5, ""gemma2"": 0.357143, ""llama3-8b"": 0.5, ""qwen3-0.6b"": 0.214286}"
psychology,business,related,real_modal_judge,0,ECRT,144,93,0.6458333333333334,0.27344788125381814,0.19083533015909518,27,0.037037037037037035,"{""qwen3-8b"": 0.427298, ""gemma2"": 0.36238, ""llama3-8b"": 0.427298, ""qwen3-0.6b"": 0.297462}"
psychology,business,related,real_modal_judge,0,OracleFixedBorrow,144,92,0.6388888888888888,0.3110827664399091,0.24801587301587302,27,0.0,"{""qwen3-8b"": 0.357143, ""gemma2"": 0.214286, ""llama3-8b"": 0.428571, ""qwen3-0.6b"": 0.285714}"
biology,chemistry,related,real_modal_judge,0,Uniform,146,108,0.7397260273972602,0.25,0.17636986301369864,15,0.06666666666666667,"{""qwen3-8b"": 0.5, ""gemma2"": 0.5, ""llama3-8b"": 0.5, ""qwen3-0.6b"": 0.5}"
biology,chemistry,related,real_modal_judge,0,FixedBorrow,146,105,0.7191780821917808,0.29148029074643506,0.23899217221135027,15,0.06666666666666667,"{""qwen3-8b"": 0.357143, ""gemma2"": 0.642857, ""llama3-8b"": 0.285714, ""qwen3-0.6b"": 0.285714}"
biology,chemistry,related,real_modal_judge,0,ECRT,146,105,0.7191780821917808,0.29216448268985057,0.2532402007831438,15,0.13333333333333333,"{""qwen3-8b"": 0.36238, ""gemma2"": 0.492216, ""llama3-8b"": 0.329921, ""qwen3-0.6b"": 0.329921}"
biology,chemistry,related,real_modal_judge,0,OracleFixedBorrow,146,107,0.7328767123287672,0.30634959463237244,0.2568493150684932,15,0.06666666666666667,"{""qwen3-8b"": 0.357143, ""gemma2"": 0.571429, ""llama3-8b"": 0.214286, ""qwen3-0.6b"": 0.357143}"
chemistry,chemistry,same,real_modal_judge,0,Uniform,234,85,0.36324786324786323,0.25,0.19123931623931623,55,0.09090909090909091,"{""qwen3-8b"": 0.5, ""gemma2"": 0.5, ""llama3-8b"": 0.5, ""qwen3-0.6b"": 0.5}"
chemistry,chemistry,same,real_modal_judge,0,FixedBorrow,234,84,0.358974358974359,0.23335113960114134,0.10683760683760685,55,0.23636363636363636,"{""qwen3-8b"": 0.333333, ""gemma2"": 0.666667, ""llama3-8b"": 0.25, ""qwen3-0.6b"": 0.25}"
chemistry,chemistry,same,real_modal_judge,0,ECRT,234,84,0.358974358974359,0.21563210633105706,0.08716012841640407,55,0.23636363636363636,"{""qwen3-8b"": 0.339443, ""gemma2"": 0.490918, ""llama3-8b"": 0.301574, ""qwen3-0.6b"": 0.301574}"
chemistry,chemistry,same,real_modal_judge,0,OracleFixedBorrow,234,85,0.36324786324786323,0.22645121082621142,0.12446581196581198,55,0.18181818181818182,"{""qwen3-8b"": 0.333333, ""gemma2"": 0.583333, ""llama3-8b"": 0.166667, ""qwen3-0.6b"": 0.333333}"
health,chemistry,related,real_modal_judge,0,Uniform,156,82,0.5256410256410257,0.25,0.11698717948717947,32,0.15625,"{""qwen3-8b"": 0.5, ""gemma2"": 0.5, ""llama3-8b"": 0.5, ""qwen3-0.6b"": 0.5}"
health,chemistry,related,real_modal_judge,0,FixedBorrow,156,84,0.5384615384615384,0.2412676609105179,0.14354395604395606,32,0.28125,"{""qwen3-8b"": 0.357143, ""gemma2"": 0.642857, ""llama3-8b"": 0.285714, ""qwen3-0.6b"": 0.285714}"
health,chemistry,related,real_modal_judge,0,ECRT,156,79,0.5064102564102564,0.23689287241408244,0.11167171447466923,32,0.375,"{""qwen3-8b"": 0.36238, ""gemma2"": 0.492216, ""llama3-8b"": 0.329921, ""qwen3-0.6b"": 0.329921}"
health,chemistry,related,real_modal_judge,0,OracleFixedBorrow,156,82,0.5256410256410257,0.24914965986394536,0.16140109890109888,32,0.21875,"{""qwen3-8b"": 0.357143, ""gemma2"": 0.571429, ""llama3-8b"": 0.214286, ""qwen3-0.6b"": 0.357143}"
computer science,computer science,same,real_modal_judge,0,Uniform,97,51,0.5257731958762887,0.25,0.09278350515463916,18,0.0,"{""qwen3-8b"": 0.5, ""gemma2"": 0.5, ""llama3-8b"": 0.5, ""qwen3-0.6b"": 0.5}"
computer science,computer science,same,real_modal_judge,0,FixedBorrow,97,53,0.5463917525773195,0.24940936426116816,0.09170962199312714,18,0.2222222222222222,"{""qwen3-8b"": 0.583333, ""gemma2"": 0.5, ""llama3-8b"": 0.416667, ""qwen3-0.6b"": 0.083333}"
computer science,computer science,same,real_modal_judge,0,ECRT,97,53,0.5463917525773195,0.24459030979268012,0.08060910333550506,18,0.2222222222222222,"{""qwen3-8b"": 0.453049, ""gemma2"": 0.415181, ""llama3-8b"": 0.377312, ""qwen3-0.6b"": 0.225836}"
computer science,computer science,same,real_modal_judge,0,OracleFixedBorrow,97,52,0.5360824742268041,0.2776524914089338,0.17762027491408933,18,0.2222222222222222,"{""qwen3-8b"": 0.5, ""gemma2"": 0.333333, ""llama3-8b"": 0.166667, ""qwen3-0.6b"": 0.083333}"
engineering,computer science,related,real_modal_judge,0,Uniform,203,89,0.43842364532019706,0.25,0.13054187192118227,46,0.043478260869565216,"{""qwen3-8b"": 0.5, ""gemma2"": 0.5, ""llama3-8b"": 0.5, ""qwen3-0.6b"": 0.5}"
engineering,computer science,related,real_modal_judge,0,FixedBorrow,203,96,0.4729064039408867,0.23104327938071675,0.07820197044334974,46,0.15217391304347827,"{""qwen3-8b"": 0.571429, ""gemma2"": 0.5, ""llama3-8b"": 0.428571, ""qwen3-0.6b"": 0.142857}"
engineering,computer science,related,real_modal_judge,0,ECRT,203,97,0.47783251231527096,0.22505125194626,0.020365703401317395,46,0.21739130434782608,"{""qwen3-8b"": 0.459757, ""gemma2"": 0.427298, ""llama3-8b"": 0.394839, ""qwen3-0.6b"": 0.265003}"
engineering,computer science,related,real_modal_judge,0,OracleFixedBorrow,203,94,0.4630541871921182,0.23412209711470716,0.0892857142857143,46,0.15217391304347827,"{""qwen3-8b"": 0.5, ""gemma2"": 0.357143, ""llama3-8b"": 0.214286, ""qwen3-0.6b"": 0.142857}"
math,computer science,related,real_modal_judge,0,Uniform,249,83,0.3333333333333333,0.25,0.22891566265060243,75,0.13333333333333333,"{""qwen3-8b"": 0.5, ""gemma2"": 0.5, ""llama3-8b"": 0.5, ""qwen3-0.6b"": 0.5}"
math,computer science,related,real_modal_judge,0,FixedBorrow,249,87,0.3493975903614458,0.2196797393656246,0.15253872633390703,75,0.21333333333333335,"{""qwen3-8b"": 0.571429, ""gemma2"": 0.5, ""llama3-8b"": 0.428571, ""qwen3-0.6b"": 0.142857}"
math,computer science,related,real_modal_judge,0,ECRT,249,94,0.37751004016064255,0.20558334376018478,0.11563952400367469,75,0.3333333333333333,"{""qwen3-8b"": 0.459757, ""gemma2"": 0.427298, ""llama3-8b"": 0.394839, ""qwen3-0.6b"": 0.265003}"
math,computer science,related,real_modal_judge,0,OracleFixedBorrow,249,90,0.3614457831325301,0.19530673715269128,0.04539586919104992,75,0.29333333333333333,"{""qwen3-8b"": 0.5, ""gemma2"": 0.357143, ""llama3-8b"": 0.214286, ""qwen3-0.6b"": 0.142857}"
physics,computer science,related,real_modal_judge,0,Uniform,254,98,0.3858267716535433,0.25,0.18996062992125984,56,0.16071428571428573,"{""qwen3-8b"": 0.5, ""gemma2"": 0.5, ""llama3-8b"": 0.5, ""qwen3-0.6b"": 0.5}"
physics,computer science,related,real_modal_judge,0,FixedBorrow,254,107,0.421259842519685,0.22397758315924657,0.1296400449943757,56,0.2857142857142857,"{""qwen3-8b"": 0.571429, ""gemma2"": 0.5, ""llama3-8b"": 0.428571, ""qwen3-0.6b"": 0.142857}"
physics,computer science,related,real_modal_judge,0,ECRT,254,107,0.421259842519685,0.2132006440189615,0.0766844912743321,56,0.3392857142857143,"{""qwen3-8b"": 0.459757, ""gemma2"": 0.427298, ""llama3-8b"": 0.394839, ""qwen3-0.6b"": 0.265003}"
physics,computer science,related,real_modal_judge,0,OracleFixedBorrow,254,109,0.42913385826771655,0.20700425839627076,0.045275590551181105,56,0.32142857142857145,"{""qwen3-8b"": 0.5, ""gemma2"": 0.357143, ""llama3-8b"": 0.214286, ""qwen3-0.6b"": 0.142857}"
business,economics,related,real_modal_judge,0,Uniform,167,62,0.3712574850299401,0.25,0.17365269461077845,50,0.08,"{""qwen3-8b"": 0.5, ""gemma2"": 0.5, ""llama3-8b"": 0.5, ""qwen3-0.6b"": 0.5}"
business,economics,related,real_modal_judge,0,FixedBorrow,167,68,0.40718562874251496,0.31460039105462545,0.3165098374679213,50,0.16,"{""qwen3-8b"": 0.714286, ""gemma2"": 0.785714, ""llama3-8b"": 0.571429, ""qwen3-0.6b"": 0.5}"
business,economics,related,real_modal_judge,0,ECRT,167,68,0.40718562874251496,0.24173046776385,0.16586826784424932,50,0.16,"{""qwen3-8b"": 0.524675, ""gemma2"": 0.557134, ""llama3-8b"": 0.459757, ""qwen3-0.6b"": 0.427298}"
business,economics,related,real_modal_judge,0,OracleFixedBorrow,167,72,0.4311377245508982,0.2828959428082606,0.2629384088964927,50,0.24,"{""qwen3-8b"": 0.714286, ""gemma2"": 0.714286, ""llama3-8b"": 0.5, ""qwen3-0.6b"": 0.428571}"
economics,economics,same,real_modal_judge,0,Uniform,171,96,0.5614035087719298,0.25,0.08040935672514621,38,0.07894736842105263,"{""qwen3-8b"": 0.5, ""gemma2"": 0.5, ""llama3-8b"": 0.5, ""qwen3-0.6b"": 0.5}"
economics,economics,same,real_modal_judge,0,FixedBorrow,171,96,0.5614035087719298,0.2712597465886935,0.15935672514619886,38,0.05263157894736842,"{""qwen3-8b"": 0.75, ""gemma2"": 0.833333, ""llama3-8b"": 0.583333, ""qwen3-0.6b"": 0.5}"
economics,economics,same,real_modal_judge,0,ECRT,171,97,0.5672514619883041,0.2440563499534553,0.04824561403508769,38,0.05263157894736842,"{""qwen3-8b"": 0.528787, ""gemma2"": 0.566656, ""llama3-8b"": 0.453049, ""qwen3-0.6b"": 0.415181}"
economics,economics,same,real_modal_judge,0,OracleFixedBorrow,171,99,0.5789473684210527,0.25533016569200784,0.09685672514619885,38,0.07894736842105263,"{""qwen3-8b"": 0.75, ""gemma2"": 0.75, ""llama3-8b"": 0.5, ""qwen3-0.6b"": 0.416667}"
psychology,economics,related,real_modal_judge,0,Uniform,144,97,0.6736111111111112,0.25,0.14583333333333337,27,0.14814814814814814,"{""qwen3-8b"": 0.5, ""gemma2"": 0.5, ""llama3-8b"": 0.5, ""qwen3-0.6b"": 0.5}"
psychology,economics,related,real_modal_judge,0,FixedBorrow,144,98,0.6805555555555556,0.23876842403628093,0.09325396825396826,27,0.2222222222222222,"{""qwen3-8b"": 0.714286, ""gemma2"": 0.785714, ""llama3-8b"": 0.571429, ""qwen3-0.6b"": 0.5}"
psychology,economics,related,real_modal_judge,0,ECRT,144,97,0.6736111111111112,0.24261795526513039,0.11726655844570605,27,0.2222222222222222,"{""qwen3-8b"": 0.524675, ""gemma2"": 0.557134, ""llama3-8b"": 0.459757, ""qwen3-0.6b"": 0.427298}"
psychology,economics,related,real_modal_judge,0,OracleFixedBorrow,144,97,0.6736111111111112,0.23455215419501046,0.07539682539682539,27,0.18518518518518517,"{""qwen3-8b"": 0.714286, ""gemma2"": 0.714286, ""llama3-8b"": 0.5, ""qwen3-0.6b"": 0.428571}"
computer science,engineering,related,real_modal_judge,0,Uniform,97,51,0.5257731958762887,0.25,0.09278350515463916,18,0.0,"{""qwen3-8b"": 0.5, ""gemma2"": 0.5, ""llama3-8b"": 0.5, ""qwen3-0.6b"": 0.5}"
computer science,engineering,related,real_modal_judge,0,FixedBorrow,97,52,0.5360824742268041,0.26028297917104976,0.12702503681885124,18,0.05555555555555555,"{""qwen3-8b"": 0.428571, ""gemma2"": 0.357143, ""llama3-8b"": 0.214286, ""qwen3-0.6b"": 0.285714}"
computer science,engineering,related,real_modal_judge,0,ECRT,97,49,0.5051546391752577,0.2547757806879532,0.12293390126525448,18,0.2222222222222222,"{""qwen3-8b"": 0.394839, ""gemma2"": 0.36238, ""llama3-8b"": 0.297462, ""qwen3-0.6b"": 0.329921}"
computer science,engineering,related,real_modal_judge,0,OracleFixedBorrow,97,53,0.5463917525773195,0.254865348201136,0.1255522827687776,18,0.1111111111111111,"{""qwen3-8b"": 0.428571, ""gemma2"": 0.428571, ""llama3-8b"": 0.214286, ""qwen3-0.6b"": 0.357143}"
engineering,engineering,same,real_modal_judge,0,Uniform,203,89,0.43842364532019706,0.25,0.13054187192118227,46,0.043478260869565216,"{""qwen3-8b"": 0.5, ""gemma2"": 0.5, ""llama3-8b"": 0.5, ""qwen3-0.6b"": 0.5}"
engineering,engineering,same,real_modal_judge,0,FixedBorrow,203,94,0.4630541871921182,0.2382491789819378,0.09441707717569787,46,0.15217391304347827,"{""qwen3-8b"": 0.416667, ""gemma2"": 0.333333, ""llama3-8b"": 0.166667, ""qwen3-0.6b"": 0.25}"
engineering,engineering,same,real_modal_judge,0,ECRT,203,94,0.4630541871921182,0.23285689114424882,0.09136229875492093,46,0.15217391304347827,"{""qwen3-8b"": 0.377312, ""gemma2"": 0.339443, ""llama3-8b"": 0.263705, ""qwen3-0.6b"": 0.301574}"
engineering,engineering,same,real_modal_judge,0,OracleFixedBorrow,203,93,0.458128078817734,0.23893336070060223,0.09441707717569786,46,0.08695652173913043,"{""qwen3-8b"": 0.416667, ""gemma2"": 0.416667, ""llama3-8b"": 0.166667, ""qwen3-0.6b"": 0.333333}"
math,engineering,related,real_modal_judge,0,Uniform,249,83,0.3333333333333333,0.25,0.22891566265060243,75,0.13333333333333333,"{""qwen3-8b"": 0.5, ""gemma2"": 0.5, ""llama3-8b"": 0.5, ""qwen3-0.6b"": 0.5}"
math,engineering,related,real_modal_judge,0,FixedBorrow,249,87,0.3493975903614458,0.1951786738791895,0.050344234079173836,75,0.21333333333333335,"{""qwen3-8b"": 0.428571, ""gemma2"": 0.357143, ""llama3-8b"": 0.214286, ""qwen3-0.6b"": 0.285714}"
math,engineering,related,real_modal_judge,0,ECRT,249,87,0.3493975903614458,0.19940035780735074,0.07506578866505983,75,0.30666666666666664,"{""qwen3-8b"": 0.394839, ""gemma2"": 0.36238, ""llama3-8b"": 0.297462, ""qwen3-0.6b"": 0.329921}"
math,engineering,related,real_modal_judge,0,OracleFixedBorrow,249,83,0.3333333333333333,0.202760019670517,0.08605851979345955,75,0.16,"{""qwen3-8b"": 0.428571, ""gemma2"": 0.428571, ""llama3-8b"": 0.214286, ""qwen3-0.6b"": 0.357143}"
physics,engineering,related,real_modal_judge,0,Uniform,254,98,0.3858267716535433,0.25,0.18996062992125984,56,0.16071428571428573,"{""qwen3-8b"": 0.5, ""gemma2"": 0.5, ""llama3-8b"": 0.5, ""qwen3-0.6b"": 0.5}"
physics,engineering,related,real_modal_judge,0,FixedBorrow,254,108,0.4251968503937008,0.20769725212919768,0.048228346456692925,56,0.26785714285714285,"{""qwen3-8b"": 0.428571, ""gemma2"": 0.357143, ""llama3-8b"": 0.214286, ""qwen3-0.6b"": 0.285714}"
physics,engineering,related,real_modal_judge,0,ECRT,254,110,0.4330708661417323,0.21075337219229878,0.06703790841823304,56,0.39285714285714285,"{""qwen3-8b"": 0.394839, ""gemma2"": 0.36238, ""llama3-8b"": 0.297462, ""qwen3-0.6b"": 0.329921}"
physics,engineering,related,real_modal_judge,0,OracleFixedBorrow,254,106,0.41732283464566927,0.21450666880925467,0.08394263217097864,56,0.23214285714285715,"{""qwen3-8b"": 0.428571, ""gemma2"": 0.428571, ""llama3-8b"": 0.214286, ""qwen3-0.6b"": 0.357143}"
biology,health,related,real_modal_judge,0,Uniform,146,108,0.7397260273972602,0.25,0.17636986301369864,15,0.06666666666666667,"{""qwen3-8b"": 0.5, ""gemma2"": 0.5, ""llama3-8b"": 0.5, ""qwen3-0.6b"": 0.5}"
biology,health,related,real_modal_judge,0,FixedBorrow,146,109,0.7465753424657534,0.21856653620352232,0.042563600782778835,15,0.06666666666666667,"{""qwen3-8b"": 0.642857, ""gemma2"": 0.714286, ""llama3-8b"": 0.642857, ""qwen3-0.6b"": 0.357143}"
biology,health,related,real_modal_judge,0,ECRT,146,109,0.7465753424657534,0.24763257488483925,0.1639779830381912,15,0.06666666666666667,"{""qwen3-8b"": 0.492216, ""gemma2"": 0.524675, ""llama3-8b"": 0.492216, ""qwen3-0.6b"": 0.36238}"
biology,health,related,real_modal_judge,0,OracleFixedBorrow,146,108,0.7397260273972602,0.2337503494548497,0.13184931506849318,15,0.0,"{""qwen3-8b"": 0.571429, ""gemma2"": 0.571429, ""llama3-8b"": 0.571429, ""qwen3-0.6b"": 0.285714}"
chemistry,health,related,real_modal_judge,0,Uniform,234,85,0.36324786324786323,0.25,0.19123931623931623,55,0.09090909090909091,"{""qwen3-8b"": 0.5, ""gemma2"": 0.5, ""llama3-8b"": 0.5, ""qwen3-0.6b"": 0.5}"
chemistry,health,related,real_modal_judge,0,FixedBorrow,234,85,0.36324786324786323,0.29693223443223443,0.2805250305250305,55,0.12727272727272726,"{""qwen3-8b"": 0.642857, ""gemma2"": 0.714286, ""llama3-8b"": 0.642857, ""qwen3-0.6b"": 0.357143}"
chemistry,health,related,real_modal_judge,0,ECRT,234,85,0.36324786324786323,0.23626533284454201,0.15911064826961818,55,0.12727272727272726,"{""qwen3-8b"": 0.492216, ""gemma2"": 0.524675, ""llama3-8b"": 0.492216, ""qwen3-0.6b"": 0.36238}"
chemistry,health,related,real_modal_judge,0,OracleFixedBorrow,234,84,0.358974358974359,0.25294348508634334,0.1912393162393162,55,0.10909090909090909,"{""qwen3-8b"": 0.571429, ""gemma2"": 0.571429, ""llama3-8b"": 0.571429, ""qwen3-0.6b"": 0.285714}"
health,health,same,real_modal_judge,0,Uniform,156,82,0.5256410256410257,0.25,0.11698717948717947,32,0.15625,"{""qwen3-8b"": 0.5, ""gemma2"": 0.5, ""llama3-8b"": 0.5, ""qwen3-0.6b"": 0.5}"
health,health,same,real_modal_judge,0,FixedBorrow,156,86,0.5512820512820513,0.2610844017094033,0.1955128205128205,32,0.1875,"{""qwen3-8b"": 0.666667, ""gemma2"": 0.75, ""llama3-8b"": 0.666667, ""qwen3-0.6b"": 0.333333}"
health,health,same,real_modal_judge,0,ECRT,156,86,0.5512820512820513,0.2296666239904215,0.08083952093121222,32,0.1875,"{""qwen3-8b"": 0.490918, ""gemma2"": 0.528787, ""llama3-8b"": 0.490918, ""qwen3-0.6b"": 0.339443}"
health,health,same,real_modal_judge,0,OracleFixedBorrow,156,85,0.5448717948717948,0.23050213675213657,0.09134615384615388,32,0.15625,"{""qwen3-8b"": 0.583333, ""gemma2"": 0.583333, ""llama3-8b"": 0.583333, ""qwen3-0.6b"": 0.25}"
history,history,same,real_modal_judge,0,Uniform,72,35,0.4861111111111111,0.25,0.11805555555555555,11,0.0,"{""qwen3-8b"": 0.5, ""gemma2"": 0.5, ""llama3-8b"": 0.5, ""qwen3-0.6b"": 0.5}"
history,history,same,real_modal_judge,0,FixedBorrow,72,36,0.5,0.24768518518518606,0.15972222222222227,11,0.09090909090909091,"{""qwen3-8b"": 0.583333, ""gemma2"": 0.583333, ""llama3-8b"": 0.583333, ""qwen3-0.6b"": 0.416667}"
history,history,same,real_modal_judge,0,ECRT,72,36,0.5,0.23118191079234773,0.09217670128642418,11,0.09090909090909091,"{""qwen3-8b"": 0.453049, ""gemma2"": 0.453049, ""llama3-8b"": 0.453049, ""qwen3-0.6b"": 0.377312}"
history,history,same,real_modal_judge,0,OracleFixedBorrow,72,36,0.5,0.22569444444444475,0.0763888888888889,11,0.09090909090909091,"{""qwen3-8b"": 0.416667, ""gemma2"": 0.333333, ""llama3-8b"": 0.333333, ""qwen3-0.6b"": 0.166667}"
law,history,related,real_modal_judge,0,Uniform,226,87,0.38495575221238937,0.25,0.2013274336283186,63,0.15873015873015872,"{""qwen3-8b"": 0.5, ""gemma2"": 0.5, ""llama3-8b"": 0.5, ""qwen3-0.6b"": 0.5}"
law,history,related,real_modal_judge,0,FixedBorrow,226,87,0.38495575221238937,0.26237132020949944,0.23704171934260426,63,0.1746031746031746,"{""qwen3-8b"": 0.571429, ""gemma2"": 0.571429, ""llama3-8b"": 0.571429, ""qwen3-0.6b"": 0.428571}"
law,history,related,real_modal_judge,0,ECRT,226,87,0.38495575221238937,0.22800875072062887,0.14485452445545163,63,0.1746031746031746,"{""qwen3-8b"": 0.459757, ""gemma2"": 0.459757, ""llama3-8b"": 0.459757, ""qwen3-0.6b"": 0.394839}"
law,history,related,real_modal_judge,0,OracleFixedBorrow,226,84,0.37168141592920356,0.2093529889832023,0.045670037926675094,63,0.12698412698412698,"{""qwen3-8b"": 0.428571, ""gemma2"": 0.357143, ""llama3-8b"": 0.357143, ""qwen3-0.6b"": 0.214286}"
philosophy,history,related,real_modal_judge,0,Uniform,110,47,0.42727272727272725,0.25,0.15,18,0.1111111111111111,"{""qwen3-8b"": 0.5, ""gemma2"": 0.5, ""llama3-8b"": 0.5, ""qwen3-0.6b"": 0.5}"
philosophy,history,related,real_modal_judge,0,FixedBorrow,110,54,0.4909090909090909,0.2525046382189234,0.18571428571428567,18,0.16666666666666666,"{""qwen3-8b"": 0.571429, ""gemma2"": 0.571429, ""llama3-8b"": 0.571429, ""qwen3-0.6b"": 0.428571}"
philosophy,history,related,real_modal_judge,0,ECRT,110,54,0.4909090909090909,0.23098833107141659,0.09352709082713304,18,0.16666666666666666,"{""qwen3-8b"": 0.459757, ""gemma2"": 0.459757, ""llama3-8b"": 0.459757, ""qwen3-0.6b"": 0.394839}"
philosophy,history,related,real_modal_judge,0,OracleFixedBorrow,110,53,0.4818181818181818,0.21857606679035263,0.05032467532467531,18,0.1111111111111111,"{""qwen3-8b"": 0.428571, ""gemma2"": 0.357143, ""llama3-8b"": 0.357143, ""qwen3-0.6b"": 0.214286}"
history,law,related,real_modal_judge,0,Uniform,72,35,0.4861111111111111,0.25,0.11805555555555555,11,0.0,"{""qwen3-8b"": 0.5, ""gemma2"": 0.5, ""llama3-8b"": 0.5, ""qwen3-0.6b"": 0.5}"
history,law,related,real_modal_judge,0,FixedBorrow,72,35,0.4861111111111111,0.2319302721088432,0.10912698412698413,11,0.0,"{""qwen3-8b"": 0.428571, ""gemma2"": 0.571429, ""llama3-8b"": 0.285714, ""qwen3-0.6b"": 0.357143}"
history,law,related,real_modal_judge,0,ECRT,72,34,0.4722222222222222,0.23106463450248718,0.10002150427743497,11,0.09090909090909091,"{""qwen3-8b"": 0.394839, ""gemma2"": 0.459757, ""llama3-8b"": 0.329921, ""qwen3-0.6b"": 0.36238}"
history,law,related,real_modal_judge,0,OracleFixedBorrow,72,35,0.4861111111111111,0.2485119047619046,0.1468253968253968,11,0.0,"{""qwen3-8b"": 0.285714, ""gemma2"": 0.214286, ""llama3-8b"": 0.428571, ""qwen3-0.6b"": 0.214286}"
law,law,same,real_modal_judge,0,Uniform,226,87,0.38495575221238937,0.25,0.2013274336283186,63,0.15873015873015872,"{""qwen3-8b"": 0.5, ""gemma2"": 0.5, ""llama3-8b"": 0.5, ""qwen3-0.6b"": 0.5}"
law,law,same,real_modal_judge,0,FixedBorrow,226,83,0.3672566371681416,0.22515671091445472,0.12702802359882007,63,0.14285714285714285,"{""qwen3-8b"": 0.416667, ""gemma2"": 0.583333, ""llama3-8b"": 0.25, ""qwen3-0.6b"": 0.333333}"
law,law,same,real_modal_judge,0,ECRT,226,86,0.3805309734513274,0.21332564259927078,0.07325215991464762,63,0.19047619047619047,"{""qwen3-8b"": 0.377312, ""gemma2"": 0.453049, ""llama3-8b"": 0.301574, ""qwen3-0.6b"": 0.339443}"
law,law,same,real_modal_judge,0,OracleFixedBorrow,226,77,0.3407079646017699,0.22004056047197576,0.10213864306784662,63,0.20634920634920634,"{""qwen3-8b"": 0.25, ""gemma2"": 0.166667, ""llama3-8b"": 0.416667, ""qwen3-0.6b"": 0.166667}"
philosophy,law,related,real_modal_judge,0,Uniform,110,47,0.42727272727272725,0.25,0.15,18,0.1111111111111111,"{""qwen3-8b"": 0.5, ""gemma2"": 0.5, ""llama3-8b"": 0.5, ""qwen3-0.6b"": 0.5}"
philosophy,law,related,real_modal_judge,0,FixedBorrow,110,51,0.4636363636363636,0.23179499072356155,0.11331168831168831,18,0.05555555555555555,"{""qwen3-8b"": 0.428571, ""gemma2"": 0.571429, ""llama3-8b"": 0.285714, ""qwen3-0.6b"": 0.357143}"
philosophy,law,related,real_modal_judge,0,ECRT,110,50,0.45454545454545453,0.2263582833789937,0.06979878665771438,18,0.1111111111111111,"{""qwen3-8b"": 0.394839, ""gemma2"": 0.459757, ""llama3-8b"": 0.329921, ""qwen3-0.6b"": 0.36238}"
philosophy,law,related,real_modal_judge,0,OracleFixedBorrow,110,50,0.45454545454545453,0.23311688311688314,0.10844155844155842,18,0.16666666666666666,"{""qwen3-8b"": 0.285714, ""gemma2"": 0.214286, ""llama3-8b"": 0.428571, ""qwen3-0.6b"": 0.214286}"
computer science,math,related,real_modal_judge,0,Uniform,97,51,0.5257731958762887,0.25,0.09278350515463916,18,0.0,"{""qwen3-8b"": 0.5, ""gemma2"": 0.5, ""llama3-8b"": 0.5, ""qwen3-0.6b"": 0.5}"
computer science,math,related,real_modal_judge,0,FixedBorrow,97,53,0.5463917525773195,0.25323479907426866,0.12702503681885124,18,0.16666666666666666,"{""qwen3-8b"": 0.357143, ""gemma2"": 0.428571, ""llama3-8b"": 0.357143, ""qwen3-0.6b"": 0.142857}"
computer science,math,related,real_modal_judge,0,ECRT,97,53,0.5463917525773195,0.25030799231402157,0.10230348223296525,18,0.2222222222222222,"{""qwen3-8b"": 0.36238, ""gemma2"": 0.394839, ""llama3-8b"": 0.36238, ""qwen3-0.6b"": 0.265003}"
computer science,math,related,real_modal_judge,0,OracleFixedBorrow,97,51,0.5257731958762887,0.2686461182411105,0.16273932253313694,18,0.05555555555555555,"{""qwen3-8b"": 0.357143, ""gemma2"": 0.285714, ""llama3-8b"": 0.285714, ""qwen3-0.6b"": 0.214286}"
engineering,math,related,real_modal_judge,0,Uniform,203,89,0.43842364532019706,0.25,0.13054187192118227,46,0.043478260869565216,"{""qwen3-8b"": 0.5, ""gemma2"": 0.5, ""llama3-8b"": 0.5, ""qwen3-0.6b"": 0.5}"
engineering,math,related,real_modal_judge,0,FixedBorrow,203,100,0.49261083743842365,0.22809641097818334,0.048029556650246316,46,0.21739130434782608,"{""qwen3-8b"": 0.357143, ""gemma2"": 0.428571, ""llama3-8b"": 0.357143, ""qwen3-0.6b"": 0.142857}"
engineering,math,related,real_modal_judge,0,ECRT,203,99,0.4876847290640394,0.22739813677547915,0.04743494549652101,46,0.30434782608695654,"{""qwen3-8b"": 0.36238, ""gemma2"": 0.394839, ""llama3-8b"": 0.36238, ""qwen3-0.6b"": 0.265003}"
engineering,math,related,real_modal_judge,0,OracleFixedBorrow,203,96,0.4729064039408867,0.2340781140042219,0.08374384236453203,46,0.10869565217391304,"{""qwen3-8b"": 0.357143, ""gemma2"": 0.285714, ""llama3-8b"": 0.285714, ""qwen3-0.6b"": 0.214286}"
math,math,same,real_modal_judge,0,Uniform,249,83,0.3333333333333333,0.25,0.22891566265060243,75,0.13333333333333333,"{""qwen3-8b"": 0.5, ""gemma2"": 0.5, ""llama3-8b"": 0.5, ""qwen3-0.6b"": 0.5}"
math,math,same,real_modal_judge,0,FixedBorrow,249,82,0.3293172690763052,0.19825133868808784,0.08132530120481928,75,0.17333333333333334,"{""qwen3-8b"": 0.333333, ""gemma2"": 0.416667, ""llama3-8b"": 0.333333, ""qwen3-0.6b"": 0.083333}"
math,math,same,real_modal_judge,0,ECRT,249,83,0.3333333333333333,0.19627112598299484,0.06444165373665228,75,0.21333333333333335,"{""qwen3-8b"": 0.339443, ""gemma2"": 0.377312, ""llama3-8b"": 0.339443, ""qwen3-0.6b"": 0.225836}"
math,math,same,real_modal_judge,0,OracleFixedBorrow,249,89,0.357429718875502,0.19314759036144577,0.039658634538152604,75,0.21333333333333335,"{""qwen3-8b"": 0.333333, ""gemma2"": 0.25, ""llama3-8b"": 0.25, ""qwen3-0.6b"": 0.166667}"
physics,math,related,real_modal_judge,0,Uniform,254,98,0.3858267716535433,0.25,0.18996062992125984,56,0.16071428571428573,"{""qwen3-8b"": 0.5, ""gemma2"": 0.5, ""llama3-8b"": 0.5, ""qwen3-0.6b"": 0.5}"
physics,math,related,real_modal_judge,0,FixedBorrow,254,99,0.38976377952755903,0.2133617226418111,0.09012935883014625,56,0.08928571428571429,"{""qwen3-8b"": 0.357143, ""gemma2"": 0.428571, ""llama3-8b"": 0.357143, ""qwen3-0.6b"": 0.142857}"
physics,math,related,real_modal_judge,0,ECRT,254,92,0.36220472440944884,0.21206254069668035,0.08326740255367898,56,0.10714285714285714,"{""qwen3-8b"": 0.36238, ""gemma2"": 0.394839, ""llama3-8b"": 0.36238, ""qwen3-0.6b"": 0.265003}"
physics,math,related,real_modal_judge,0,OracleFixedBorrow,254,111,0.43700787401574803,0.20791820665273955,0.04401012373453318,56,0.26785714285714285,"{""qwen3-8b"": 0.357143, ""gemma2"": 0.285714, ""llama3-8b"": 0.285714, ""qwen3-0.6b"": 0.214286}"
other,other,same,real_modal_judge,0,Uniform,187,85,0.45454545454545453,0.25,0.11229946524064172,45,0.08888888888888889,"{""qwen3-8b"": 0.5, ""gemma2"": 0.5, ""llama3-8b"": 0.5, ""qwen3-0.6b"": 0.5}"
other,other,same,real_modal_judge,0,FixedBorrow,187,89,0.47593582887700536,0.30798796791443983,0.27896613190730835,45,0.08888888888888889,"{""qwen3-8b"": 0.666667, ""gemma2"": 0.75, ""llama3-8b"": 0.666667, ""qwen3-0.6b"": 0.583333}"
other,other,same,real_modal_judge,0,ECRT,187,88,0.47058823529411764,0.24389956446196673,0.10321763401302436,45,0.08888888888888889,"{""qwen3-8b"": 0.490918, ""gemma2"": 0.528787, ""llama3-8b"": 0.490918, ""qwen3-0.6b"": 0.453049}"
other,other,same,real_modal_judge,0,OracleFixedBorrow,187,86,0.45989304812834225,0.26786244800950765,0.15396613190730837,45,0.08888888888888889,"{""qwen3-8b"": 0.5, ""gemma2"": 0.5, ""llama3-8b"": 0.666667, ""qwen3-0.6b"": 0.5}"
history,philosophy,related,real_modal_judge,0,Uniform,72,35,0.4861111111111111,0.25,0.11805555555555555,11,0.0,"{""qwen3-8b"": 0.5, ""gemma2"": 0.5, ""llama3-8b"": 0.5, ""qwen3-0.6b"": 0.5}"
history,philosophy,related,real_modal_judge,0,FixedBorrow,72,35,0.4861111111111111,0.24397675736961444,0.13591269841269843,11,0.0,"{""qwen3-8b"": 0.5, ""gemma2"": 0.642857, ""llama3-8b"": 0.5, ""qwen3-0.6b"": 0.428571}"
history,philosophy,related,real_modal_judge,0,ECRT,72,35,0.4861111111111111,0.23262161237331572,0.0867668699079422,11,0.0,"{""qwen3-8b"": 0.427298, ""gemma2"": 0.492216, ""llama3-8b"": 0.427298, ""qwen3-0.6b"": 0.394839}"
history,philosophy,related,real_modal_judge,0,OracleFixedBorrow,72,35,0.4861111111111111,0.21938775510204048,0.04662698412698411,11,0.0,"{""qwen3-8b"": 0.5, ""gemma2"": 0.571429, ""llama3-8b"": 0.428571, ""qwen3-0.6b"": 0.214286}"
law,philosophy,related,real_modal_judge,0,Uniform,226,87,0.38495575221238937,0.25,0.2013274336283186,63,0.15873015873015872,"{""qwen3-8b"": 0.5, ""gemma2"": 0.5, ""llama3-8b"": 0.5, ""qwen3-0.6b"": 0.5}"
law,philosophy,related,real_modal_judge,0,FixedBorrow,226,84,0.37168141592920356,0.25511332851724605,0.21918457648546144,63,0.1111111111111111,"{""qwen3-8b"": 0.5, ""gemma2"": 0.642857, ""llama3-8b"": 0.5, ""qwen3-0.6b"": 0.428571}"
law,philosophy,related,real_modal_judge,0,ECRT,226,84,0.37168141592920356,0.22557422669717175,0.13673977738772863,63,0.1111111111111111,"{""qwen3-8b"": 0.427298, ""gemma2"": 0.492216, ""llama3-8b"": 0.427298, ""qwen3-0.6b"": 0.394839}"
law,philosophy,related,real_modal_judge,0,OracleFixedBorrow,226,83,0.3672566371681416,0.22792125699837326,0.1298988621997471,63,0.1111111111111111,"{""qwen3-8b"": 0.5, ""gemma2"": 0.571429, ""llama3-8b"": 0.428571, ""qwen3-0.6b"": 0.214286}"
philosophy,philosophy,same,real_modal_judge,0,Uniform,110,47,0.42727272727272725,0.25,0.15,18,0.1111111111111111,"{""qwen3-8b"": 0.5, ""gemma2"": 0.5, ""llama3-8b"": 0.5, ""qwen3-0.6b"": 0.5}"
philosophy,philosophy,same,real_modal_judge,0,FixedBorrow,110,51,0.4636363636363636,0.24921085858585906,0.17083333333333334,18,0.05555555555555555,"{""qwen3-8b"": 0.5, ""gemma2"": 0.666667, ""llama3-8b"": 0.5, ""qwen3-0.6b"": 0.416667}"
philosophy,philosophy,same,real_modal_judge,0,ECRT,110,51,0.4636363636363636,0.22763177922329356,0.07464773438597835,18,0.05555555555555555,"{""qwen3-8b"": 0.415181, ""gemma2"": 0.490918, ""llama3-8b"": 0.415181, ""qwen3-0.6b"": 0.377312}"
philosophy,philosophy,same,real_modal_judge,0,OracleFixedBorrow,110,52,0.4727272727272727,0.22291666666666624,0.06666666666666668,18,0.05555555555555555,"{""qwen3-8b"": 0.5, ""gemma2"": 0.583333, ""llama3-8b"": 0.416667, ""qwen3-0.6b"": 0.166667}"
computer science,physics,related,real_modal_judge,0,Uniform,97,51,0.5257731958762887,0.25,0.09278350515463916,18,0.0,"{""qwen3-8b"": 0.5, ""gemma2"": 0.5, ""llama3-8b"": 0.5, ""qwen3-0.6b"": 0.5}"
computer science,physics,related,real_modal_judge,0,FixedBorrow,97,53,0.5463917525773195,0.24527929728592415,0.07087628865979383,18,0.16666666666666666,"{""qwen3-8b"": 0.642857, ""gemma2"": 0.571429, ""llama3-8b"": 0.285714, ""qwen3-0.6b"": 0.285714}"
computer science,physics,related,real_modal_judge,0,ECRT,97,53,0.5463917525773195,0.24191185558507863,0.06613067179119374,18,0.16666666666666666,"{""qwen3-8b"": 0.492216, ""gemma2"": 0.459757, ""llama3-8b"": 0.329921, ""qwen3-0.6b"": 0.329921}"
computer science,physics,related,real_modal_judge,0,OracleFixedBorrow,97,55,0.5670103092783505,0.2535109404586578,0.10916789396170838,18,0.2777777777777778,"{""qwen3-8b"": 0.5, ""gemma2"": 0.5, ""llama3-8b"": 0.214286, ""qwen3-0.6b"": 0.142857}"
engineering,physics,related,real_modal_judge,0,Uniform,203,89,0.43842364532019706,0.25,0.13054187192118227,46,0.043478260869565216,"{""qwen3-8b"": 0.5, ""gemma2"": 0.5, ""llama3-8b"": 0.5, ""qwen3-0.6b"": 0.5}"
engineering,physics,related,real_modal_judge,0,FixedBorrow,203,94,0.4630541871921182,0.24124736101337085,0.12130541871921181,46,0.15217391304347827,"{""qwen3-8b"": 0.642857, ""gemma2"": 0.571429, ""llama3-8b"": 0.285714, ""qwen3-0.6b"": 0.285714}"
engineering,physics,related,real_modal_judge,0,ECRT,203,94,0.4630541871921182,0.22859331705705832,0.05572702969679573,46,0.15217391304347827,"{""qwen3-8b"": 0.492216, ""gemma2"": 0.459757, ""llama3-8b"": 0.329921, ""qwen3-0.6b"": 0.329921}"
engineering,physics,related,real_modal_judge,0,OracleFixedBorrow,203,92,0.45320197044334976,0.23377023223082277,0.08682266009852216,46,0.08695652173913043,"{""qwen3-8b"": 0.5, ""gemma2"": 0.5, ""llama3-8b"": 0.214286, ""qwen3-0.6b"": 0.142857}"
math,physics,related,real_modal_judge,0,Uniform,249,83,0.3333333333333333,0.25,0.22891566265060243,75,0.13333333333333333,"{""qwen3-8b"": 0.5, ""gemma2"": 0.5, ""llama3-8b"": 0.5, ""qwen3-0.6b"": 0.5}"
math,physics,related,real_modal_judge,0,FixedBorrow,249,87,0.3493975903614458,0.2283470617162536,0.17534423407917385,75,0.24,"{""qwen3-8b"": 0.642857, ""gemma2"": 0.571429, ""llama3-8b"": 0.285714, ""qwen3-0.6b"": 0.285714}"
math,physics,related,real_modal_judge,0,ECRT,249,87,0.3493975903614458,0.20842706574983613,0.13186901813912064,75,0.24,"{""qwen3-8b"": 0.492216, ""gemma2"": 0.459757, ""llama3-8b"": 0.329921, ""qwen3-0.6b"": 0.329921}"
math,physics,related,real_modal_judge,0,OracleFixedBorrow,249,82,0.3293172690763052,0.2021094582411268,0.08111015490533563,75,0.16,"{""qwen3-8b"": 0.5, ""gemma2"": 0.5, ""llama3-8b"": 0.214286, ""qwen3-0.6b"": 0.142857}"
physics,physics,same,real_modal_judge,0,Uniform,254,98,0.3858267716535433,0.25,0.18996062992125984,56,0.16071428571428573,"{""qwen3-8b"": 0.5, ""gemma2"": 0.5, ""llama3-8b"": 0.5, ""qwen3-0.6b"": 0.5}"
physics,physics,same,real_modal_judge,0,FixedBorrow,254,107,0.421259842519685,0.23350010936133023,0.13238188976377951,56,0.2857142857142857,"{""qwen3-8b"": 0.666667, ""gemma2"": 0.583333, ""llama3-8b"": 0.25, ""qwen3-0.6b"": 0.25}"
physics,physics,same,real_modal_judge,0,ECRT,254,107,0.421259842519685,0.21238996278545444,0.0767395446578644,56,0.2857142857142857,"{""qwen3-8b"": 0.490918, ""gemma2"": 0.453049, ""llama3-8b"": 0.301574, ""qwen3-0.6b"": 0.301574}"
physics,physics,same,real_modal_judge,0,OracleFixedBorrow,254,104,0.4094488188976378,0.21881835083114626,0.10777559055118109,56,0.25,"{""qwen3-8b"": 0.5, ""gemma2"": 0.5, ""llama3-8b"": 0.166667, ""qwen3-0.6b"": 0.083333}"
business,psychology,related,real_modal_judge,0,Uniform,167,62,0.3712574850299401,0.25,0.17365269461077845,50,0.08,"{""qwen3-8b"": 0.5, ""gemma2"": 0.5, ""llama3-8b"": 0.5, ""qwen3-0.6b"": 0.5}"
business,psychology,related,real_modal_judge,0,FixedBorrow,167,72,0.4311377245508982,0.3399883905658069,0.35222412318220697,50,0.24,"{""qwen3-8b"": 0.785714, ""gemma2"": 0.714286, ""llama3-8b"": 0.714286, ""qwen3-0.6b"": 0.5}"
business,psychology,related,real_modal_judge,0,ECRT,167,72,0.4311377245508982,0.24837775771929488,0.18209776197969527,50,0.24,"{""qwen3-8b"": 0.557134, ""gemma2"": 0.524675, ""llama3-8b"": 0.524675, ""qwen3-0.6b"": 0.427298}"
business,psychology,related,real_modal_judge,0,OracleFixedBorrow,167,71,0.4251497005988024,0.3066647317609675,0.2986526946107785,50,0.24,"{""qwen3-8b"": 0.714286, ""gemma2"": 0.571429, ""llama3-8b"": 0.642857, ""qwen3-0.6b"": 0.571429}"
economics,psychology,related,real_modal_judge,0,Uniform,171,96,0.5614035087719298,0.25,0.08040935672514621,38,0.07894736842105263,"{""qwen3-8b"": 0.5, ""gemma2"": 0.5, ""llama3-8b"": 0.5, ""qwen3-0.6b"": 0.5}"
economics,psychology,related,real_modal_judge,0,FixedBorrow,171,98,0.5730994152046783,0.2712286669053585,0.17126148705096075,38,0.05263157894736842,"{""qwen3-8b"": 0.785714, ""gemma2"": 0.714286, ""llama3-8b"": 0.714286, ""qwen3-0.6b"": 0.5}"
economics,psychology,related,real_modal_judge,0,ECRT,171,98,0.5730994152046783,0.24344439993753425,0.04795036845425432,38,0.05263157894736842,"{""qwen3-8b"": 0.557134, ""gemma2"": 0.524675, ""llama3-8b"": 0.524675, ""qwen3-0.6b"": 0.427298}"
economics,psychology,related,real_modal_judge,0,OracleFixedBorrow,171,100,0.5847953216374269,0.25983858455662945,0.11769005847953218,38,0.05263157894736842,"{""qwen3-8b"": 0.714286, ""gemma2"": 0.571429, ""llama3-8b"": 0.642857, ""qwen3-0.6b"": 0.571429}"
psychology,psychology,same,real_modal_judge,0,Uniform,144,97,0.6736111111111112,0.25,0.14583333333333337,27,0.14814814814814814,"{""qwen3-8b"": 0.5, ""gemma2"": 0.5, ""llama3-8b"": 0.5, ""qwen3-0.6b"": 0.5}"
psychology,psychology,same,real_modal_judge,0,FixedBorrow,144,94,0.6527777777777778,0.2491319444444439,0.13888888888888887,27,0.07407407407407407,"{""qwen3-8b"": 0.833333, ""gemma2"": 0.75, ""llama3-8b"": 0.75, ""qwen3-0.6b"": 0.5}"
psychology,psychology,same,real_modal_judge,0,ECRT,144,94,0.6527777777777778,0.2378859480782569,0.09357101947308123,27,0.07407407407407407,"{""qwen3-8b"": 0.566656, ""gemma2"": 0.528787, ""llama3-8b"": 0.528787, ""qwen3-0.6b"": 0.415181}"
psychology,psychology,same,real_modal_judge,0,OracleFixedBorrow,144,93,0.6458333333333334,0.24768518518518526,0.12152777777777776,27,0.07407407407407407,"{""qwen3-8b"": 0.75, ""gemma2"": 0.583333, ""llama3-8b"": 0.666667, ""qwen3-0.6b"": 0.583333}"
biology,biology,same,real_modal_judge,1,Uniform,146,108,0.7397260273972602,0.25,0.17636986301369864,15,0.06666666666666667,"{""qwen3-8b"": 0.5, ""gemma2"": 0.5, ""llama3-8b"": 0.5, ""qwen3-0.6b"": 0.5}"
biology,biology,same,real_modal_judge,1,FixedBorrow,146,109,0.7465753424657534,0.22257895738203967,0.057363013698630144,15,0.06666666666666667,"{""qwen3-8b"": 0.75, ""gemma2"": 0.75, ""llama3-8b"": 0.666667, ""qwen3-0.6b"": 0.583333}"
biology,biology,same,real_modal_judge,1,ECRT,146,109,0.7465753424657534,0.2430993723595906,0.1528042543860876,15,0.06666666666666667,"{""qwen3-8b"": 0.527616, ""gemma2"": 0.527616, ""llama3-8b"": 0.488586, ""qwen3-0.6b"": 0.449556}"
biology,biology,same,real_modal_judge,1,OracleFixedBorrow,146,110,0.7534246575342466,0.22645547945205544,0.09303652968036531,15,0.06666666666666667,"{""qwen3-8b"": 0.666667, ""gemma2"": 0.583333, ""llama3-8b"": 0.5, ""qwen3-0.6b"": 0.416667}"
chemistry,biology,related,real_modal_judge,1,Uniform,234,85,0.36324786324786323,0.25,0.19123931623931623,55,0.09090909090909091,"{""qwen3-8b"": 0.5, ""gemma2"": 0.5, ""llama3-8b"": 0.5, ""qwen3-0.6b"": 0.5}"
chemistry,biology,related,real_modal_judge,1,FixedBorrow,234,89,0.3803418803418803,0.3322976626548053,0.3519536019536019,55,0.2,"{""qwen3-8b"": 0.714286, ""gemma2"": 0.714286, ""llama3-8b"": 0.642857, ""qwen3-0.6b"": 0.571429}"
chemistry,biology,related,real_modal_judge,1,ECRT,234,89,0.3803418803418803,0.24624322340991422,0.18981956585293996,55,0.2,"{""qwen3-8b"": 0.523671, ""gemma2"": 0.523671, ""llama3-8b"": 0.490217, ""qwen3-0.6b"": 0.456762}"
chemistry,biology,related,real_modal_judge,1,OracleFixedBorrow,234,94,0.4017094017094017,0.25902668759811487,0.22695360195360192,55,0.2727272727272727,"{""qwen3-8b"": 0.642857, ""gemma2"": 0.571429, ""llama3-8b"": 0.5, ""qwen3-0.6b"": 0.428571}"
health,biology,related,real_modal_judge,1,Uniform,156,82,0.5256410256410257,0.25,0.11698717948717947,32,0.15625,"{""qwen3-8b"": 0.5, ""gemma2"": 0.5, ""llama3-8b"": 0.5, ""qwen3-0.6b"": 0.5}"
health,biology,related,real_modal_judge,1,FixedBorrow,156,85,0.5448717948717948,0.291699372056515,0.25206043956043955,32,0.15625,"{""qwen3-8b"": 0.714286, ""gemma2"": 0.714286, ""llama3-8b"": 0.642857, ""qwen3-0.6b"": 0.571429}"
health,biology,related,real_modal_judge,1,ECRT,156,85,0.5448717948717948,0.24255059196161824,0.1005267951073217,32,0.15625,"{""qwen3-8b"": 0.523671, ""gemma2"": 0.523671, ""llama3-8b"": 0.490217, ""qwen3-0.6b"": 0.456762}"
health,biology,related,real_modal_judge,1,OracleFixedBorrow,156,88,0.5641025641025641,0.24231423338566152,0.12706043956043955,32,0.21875,"{""qwen3-8b"": 0.642857, ""gemma2"": 0.571429, ""llama3-8b"": 0.5, ""qwen3-0.6b"": 0.428571}"
business,business,same,real_modal_judge,1,Uniform,167,62,0.3712574850299401,0.25,0.17365269461077845,50,0.08,"{""qwen3-8b"": 0.5, ""gemma2"": 0.5, ""llama3-8b"": 0.5, ""qwen3-0.6b"": 0.5}"
business,business,same,real_modal_judge,1,FixedBorrow,167,60,0.3592814371257485,0.23786801397205615,0.12437624750499003,50,0.06,"{""qwen3-8b"": 0.416667, ""gemma2"": 0.416667, ""llama3-8b"": 0.416667, ""qwen3-0.6b"": 0.5}"
business,business,same,real_modal_judge,1,ECRT,167,60,0.3592814371257485,0.2251900375255329,0.09658386584658812,50,0.06,"{""qwen3-8b"": 0.371496, ""gemma2"": 0.371496, ""llama3-8b"": 0.371496, ""qwen3-0.6b"": 0.410526}"
business,business,same,real_modal_judge,1,OracleFixedBorrow,167,71,0.4251497005988024,0.24573769128409842,0.17365269461077848,50,0.24,"{""qwen3-8b"": 0.583333, ""gemma2"": 0.5, ""llama3-8b"": 0.416667, ""qwen3-0.6b"": 0.5}"
economics,business,related,real_modal_judge,1,Uniform,171,96,0.5614035087719298,0.25,0.08040935672514621,38,0.07894736842105263,"{""qwen3-8b"": 0.5, ""gemma2"": 0.5, ""llama3-8b"": 0.5, ""qwen3-0.6b"": 0.5}"
economics,business,related,real_modal_judge,1,FixedBorrow,171,97,0.5672514619883041,0.2597789115646257,0.1295948203842941,38,0.05263157894736842,"{""qwen3-8b"": 0.428571, ""gemma2"": 0.428571, ""llama3-8b"": 0.428571, ""qwen3-0.6b"": 0.5}"
economics,business,related,real_modal_judge,1,ECRT,171,97,0.5672514619883041,0.26447867783679535,0.13946017191376076,38,0.05263157894736842,"{""qwen3-8b"": 0.389854, ""gemma2"": 0.389854, ""llama3-8b"": 0.389854, ""qwen3-0.6b"": 0.423308}"
economics,business,related,real_modal_judge,1,OracleFixedBorrow,171,98,0.5730994152046783,0.24795620002386887,0.0760233918128655,38,0.05263157894736842,"{""qwen3-8b"": 0.571429, ""gemma2"": 0.5, ""llama3-8b"": 0.428571, ""qwen3-0.6b"": 0.5}"
psychology,business,related,real_modal_judge,1,Uniform,144,97,0.6736111111111112,0.25,0.14583333333333337,27,0.14814814814814814,"{""qwen3-8b"": 0.5, ""gemma2"": 0.5, ""llama3-8b"": 0.5, ""qwen3-0.6b"": 0.5}"
psychology,business,related,real_modal_judge,1,FixedBorrow,144,90,0.625,0.2692035147392285,0.19940476190476195,27,0.0,"{""qwen3-8b"": 0.428571, ""gemma2"": 0.428571, ""llama3-8b"": 0.428571, ""qwen3-0.6b"": 0.5}"
psychology,business,related,real_modal_judge,1,ECRT,144,90,0.625,0.2784232364717645,0.20927011343422863,27,0.0,"{""qwen3-8b"": 0.389854, ""gemma2"": 0.389854, ""llama3-8b"": 0.389854, ""qwen3-0.6b"": 0.423308}"
psychology,business,related,real_modal_judge,1,OracleFixedBorrow,144,93,0.6458333333333334,0.25131094104308344,0.14583333333333337,27,0.07407407407407407,"{""qwen3-8b"": 0.571429, ""gemma2"": 0.5, ""llama3-8b"": 0.428571, ""qwen3-0.6b"": 0.5}"
biology,chemistry,related,real_modal_judge,1,Uniform,146,108,0.7397260273972602,0.25,0.17636986301369864,15,0.06666666666666667,"{""qwen3-8b"": 0.5, ""gemma2"": 0.5, ""llama3-8b"": 0.5, ""qwen3-0.6b"": 0.5}"
biology,chemistry,related,real_modal_judge,1,FixedBorrow,146,110,0.7534246575342466,0.25031450936538946,0.17636986301369864,15,0.06666666666666667,"{""qwen3-8b"": 0.5, ""gemma2"": 0.642857, ""llama3-8b"": 0.428571, ""qwen3-0.6b"": 0.571429}"
biology,chemistry,related,real_modal_judge,1,ECRT,146,109,0.7465753424657534,0.2717812707166865,0.21471588115151102,15,0.06666666666666667,"{""qwen3-8b"": 0.423308, ""gemma2"": 0.490217, ""llama3-8b"": 0.389854, ""qwen3-0.6b"": 0.456762}"
biology,chemistry,related,real_modal_judge,1,OracleFixedBorrow,146,110,0.7534246575342466,0.24654039698070923,0.17636986301369864,15,0.06666666666666667,"{""qwen3-8b"": 0.571429, ""gemma2"": 0.571429, ""llama3-8b"": 0.428571, ""qwen3-0.6b"": 0.571429}"
chemistry,chemistry,same,real_modal_judge,1,Uniform,234,85,0.36324786324786323,0.25,0.19123931623931623,55,0.09090909090909091,"{""qwen3-8b"": 0.5, ""gemma2"": 0.5, ""llama3-8b"": 0.5, ""qwen3-0.6b"": 0.5}"
chemistry,chemistry,same,real_modal_judge,1,FixedBorrow,234,88,0.37606837606837606,0.27341524216524277,0.2329059829059829,55,0.12727272727272726,"{""qwen3-8b"": 0.5, ""gemma2"": 0.666667, ""llama3-8b"": 0.416667, ""qwen3-0.6b"": 0.583333}"
chemistry,chemistry,same,real_modal_judge,1,ECRT,234,87,0.3717948717948718,0.22866456081515513,0.12328228942589012,55,0.12727272727272726,"{""qwen3-8b"": 0.410526, ""gemma2"": 0.488586, ""llama3-8b"": 0.371496, ""qwen3-0.6b"": 0.449556}"
chemistry,chemistry,same,real_modal_judge,1,OracleFixedBorrow,234,90,0.38461538461538464,0.26745014245014115,0.23290598290598294,55,0.14545454545454545,"{""qwen3-8b"": 0.583333, ""gemma2"": 0.583333, ""llama3-8b"": 0.416667, ""qwen3-0.6b"": 0.583333}"
health,chemistry,related,real_modal_judge,1,Uniform,156,82,0.5256410256410257,0.25,0.11698717948717947,32,0.15625,"{""qwen3-8b"": 0.5, ""gemma2"": 0.5, ""llama3-8b"": 0.5, ""qwen3-0.6b"": 0.5}"
health,chemistry,related,real_modal_judge,1,FixedBorrow,156,85,0.5448717948717948,0.2661237571951856,0.149496336996337,32,0.1875,"{""qwen3-8b"": 0.5, ""gemma2"": 0.642857, ""llama3-8b"": 0.428571, ""qwen3-0.6b"": 0.571429}"
health,chemistry,related,real_modal_judge,1,ECRT,156,84,0.5384615384615384,0.24495107410301067,0.11366653095832521,32,0.1875,"{""qwen3-8b"": 0.423308, ""gemma2"": 0.490217, ""llama3-8b"": 0.389854, ""qwen3-0.6b"": 0.456762}"
health,chemistry,related,real_modal_judge,1,OracleFixedBorrow,156,85,0.5448717948717948,0.2621991104133956,0.12706043956043955,32,0.15625,"{""qwen3-8b"": 0.571429, ""gemma2"": 0.571429, ""llama3-8b"": 0.428571, ""qwen3-0.6b"": 0.571429}"
computer science,computer science,same,real_modal_judge,1,Uniform,97,51,0.5257731958762887,0.25,0.09278350515463916,18,0.0,"{""qwen3-8b"": 0.5, ""gemma2"": 0.5, ""llama3-8b"": 0.5, ""qwen3-0.6b"": 0.5}"
computer science,computer science,same,real_modal_judge,1,FixedBorrow,97,53,0.5463917525773195,0.24148052691867175,0.05455326460481104,18,0.1111111111111111,"{""qwen3-8b"": 0.583333, ""gemma2"": 0.583333, ""llama3-8b"": 0.416667, ""qwen3-0.6b"": 0.416667}"
computer science,computer science,same,real_modal_judge,1,ECRT,97,53,0.5463917525773195,0.24306212868937094,0.07934569541858956,18,0.1111111111111111,"{""qwen3-8b"": 0.449556, ""gemma2"": 0.449556, ""llama3-8b"": 0.371496, ""qwen3-0.6b"": 0.371496}"
computer science,computer science,same,real_modal_judge,1,OracleFixedBorrow,97,51,0.5257731958762887,0.24568656930125998,0.08870274914089346,18,0.05555555555555555,"{""qwen3-8b"": 0.583333, ""gemma2"": 0.416667, ""llama3-8b"": 0.5, ""qwen3-0.6b"": 0.25}"
engineering,computer science,related,real_modal_judge,1,Uniform,203,89,0.43842364532019706,0.25,0.13054187192118227,46,0.043478260869565216,"{""qwen3-8b"": 0.5, ""gemma2"": 0.5, ""llama3-8b"": 0.5, ""qwen3-0.6b"": 0.5}"
engineering,computer science,related,real_modal_judge,1,FixedBorrow,203,94,0.4630541871921182,0.24454609429978735,0.13054187192118222,46,0.08695652173913043,"{""qwen3-8b"": 0.571429, ""gemma2"": 0.571429, ""llama3-8b"": 0.428571, ""qwen3-0.6b"": 0.428571}"
engineering,computer science,related,real_modal_judge,1,ECRT,203,94,0.4630541871921182,0.2320338254553481,0.05384983564555744,46,0.08695652173913043,"{""qwen3-8b"": 0.456762, ""gemma2"": 0.456762, ""llama3-8b"": 0.389854, ""qwen3-0.6b"": 0.389854}"
engineering,computer science,related,real_modal_judge,1,OracleFixedBorrow,203,95,0.46798029556650245,0.23297853624208278,0.07943349753694581,46,0.10869565217391304,"{""qwen3-8b"": 0.571429, ""gemma2"": 0.428571, ""llama3-8b"": 0.5, ""qwen3-0.6b"": 0.285714}"
math,computer science,related,real_modal_judge,1,Uniform,249,83,0.3333333333333333,0.25,0.22891566265060243,75,0.13333333333333333,"{""qwen3-8b"": 0.5, ""gemma2"": 0.5, ""llama3-8b"": 0.5, ""qwen3-0.6b"": 0.5}"
math,computer science,related,real_modal_judge,1,FixedBorrow,249,85,0.3413654618473896,0.24362757151053027,0.22891566265060237,75,0.16,"{""qwen3-8b"": 0.571429, ""gemma2"": 0.571429, ""llama3-8b"": 0.428571, ""qwen3-0.6b"": 0.428571}"
math,computer science,related,real_modal_judge,1,ECRT,249,85,0.3413654618473896,0.216514652649923,0.1522236263749776,75,0.16,"{""qwen3-8b"": 0.456762, ""gemma2"": 0.456762, ""llama3-8b"": 0.389854, ""qwen3-0.6b"": 0.389854}"
math,computer science,related,real_modal_judge,1,OracleFixedBorrow,249,88,0.3534136546184739,0.22724059503319435,0.17534423407917382,75,0.21333333333333335,"{""qwen3-8b"": 0.571429, ""gemma2"": 0.428571, ""llama3-8b"": 0.5, ""qwen3-0.6b"": 0.285714}"
physics,computer science,related,real_modal_judge,1,Uniform,254,98,0.3858267716535433,0.25,0.18996062992125984,56,0.16071428571428573,"{""qwen3-8b"": 0.5, ""gemma2"": 0.5, ""llama3-8b"": 0.5, ""qwen3-0.6b"": 0.5}"
physics,computer science,related,real_modal_judge,1,FixedBorrow,254,107,0.421259842519685,0.24371283946649364,0.1899606299212598,56,0.23214285714285715,"{""qwen3-8b"": 0.571429, ""gemma2"": 0.571429, ""llama3-8b"": 0.428571, ""qwen3-0.6b"": 0.428571}"
physics,computer science,related,real_modal_judge,1,ECRT,254,107,0.421259842519685,0.2225296703920587,0.11326859364563502,56,0.23214285714285715,"{""qwen3-8b"": 0.456762, ""gemma2"": 0.456762, ""llama3-8b"": 0.389854, ""qwen3-0.6b"": 0.389854}"
physics,computer science,related,real_modal_judge,1,OracleFixedBorrow,254,109,0.42913385826771655,0.22719146713803592,0.13638920134983126,56,0.26785714285714285,"{""qwen3-8b"": 0.571429, ""gemma2"": 0.428571, ""llama3-8b"": 0.5, ""qwen3-0.6b"": 0.285714}"
business,economics,related,real_modal_judge,1,Uniform,167,62,0.3712574850299401,0.25,0.17365269461077845,50,0.08,"{""qwen3-8b"": 0.5, ""gemma2"": 0.5, ""llama3-8b"": 0.5, ""qwen3-0.6b"": 0.5}"
business,economics,related,real_modal_judge,1,FixedBorrow,167,71,0.4251497005988024,0.22070909202004144,0.08436698032506415,50,0.24,"{""qwen3-8b"": 0.5, ""gemma2"": 0.5, ""llama3-8b"": 0.285714, ""qwen3-0.6b"": 0.357143}"
business,economics,related,real_modal_judge,1,ECRT,167,70,0.41916167664670656,0.21781279121455235,0.06504562609537284,50,0.24,"{""qwen3-8b"": 0.423308, ""gemma2"": 0.423308, ""llama3-8b"": 0.322945, ""qwen3-0.6b"": 0.356399}"
business,economics,related,real_modal_judge,1,OracleFixedBorrow,167,72,0.4311377245508982,0.23174569228889091,0.13793840889649273,50,0.24,"{""qwen3-8b"": 0.571429, ""gemma2"": 0.571429, ""llama3-8b"": 0.357143, ""qwen3-0.6b"": 0.357143}"
economics,economics,same,real_modal_judge,1,Uniform,171,96,0.5614035087719298,0.25,0.08040935672514621,38,0.07894736842105263,"{""qwen3-8b"": 0.5, ""gemma2"": 0.5, ""llama3-8b"": 0.5, ""qwen3-0.6b"": 0.5}"
economics,economics,same,real_modal_judge,1,FixedBorrow,171,100,0.5847953216374269,0.2600207115009752,0.1114766081871345,38,0.07894736842105263,"{""qwen3-8b"": 0.5, ""gemma2"": 0.5, ""llama3-8b"": 0.25, ""qwen3-0.6b"": 0.333333}"
economics,economics,same,real_modal_judge,1,ECRT,171,100,0.5847953216374269,0.26711769156314935,0.14557157654802455,38,0.07894736842105263,"{""qwen3-8b"": 0.410526, ""gemma2"": 0.410526, ""llama3-8b"": 0.293436, ""qwen3-0.6b"": 0.332466}"
economics,economics,same,real_modal_judge,1,OracleFixedBorrow,171,98,0.5730994152046783,0.24786793372319804,0.06286549707602337,38,0.07894736842105263,"{""qwen3-8b"": 0.583333, ""gemma2"": 0.583333, ""llama3-8b"": 0.333333, ""qwen3-0.6b"": 0.333333}"
psychology,economics,related,real_modal_judge,1,Uniform,144,97,0.6736111111111112,0.25,0.14583333333333337,27,0.14814814814814814,"{""qwen3-8b"": 0.5, ""gemma2"": 0.5, ""llama3-8b"": 0.5, ""qwen3-0.6b"": 0.5}"
psychology,economics,related,real_modal_judge,1,FixedBorrow,144,95,0.6597222222222222,0.2675736961451245,0.16369047619047622,27,0.18518518518518517,"{""qwen3-8b"": 0.5, ""gemma2"": 0.5, ""llama3-8b"": 0.285714, ""qwen3-0.6b"": 0.357143}"
psychology,economics,related,real_modal_judge,1,ECRT,144,98,0.6805555555555556,0.2770495681248698,0.19254293879217338,27,0.2962962962962963,"{""qwen3-8b"": 0.423308, ""gemma2"": 0.423308, ""llama3-8b"": 0.322945, ""qwen3-0.6b"": 0.356399}"
psychology,economics,related,real_modal_judge,1,OracleFixedBorrow,144,97,0.6736111111111112,0.24837018140589529,0.11011904761904767,27,0.18518518518518517,"{""qwen3-8b"": 0.571429, ""gemma2"": 0.571429, ""llama3-8b"": 0.357143, ""qwen3-0.6b"": 0.357143}"
computer science,engineering,related,real_modal_judge,1,Uniform,97,51,0.5257731958762887,0.25,0.09278350515463916,18,0.0,"{""qwen3-8b"": 0.5, ""gemma2"": 0.5, ""llama3-8b"": 0.5, ""qwen3-0.6b"": 0.5}"
computer science,engineering,related,real_modal_judge,1,FixedBorrow,97,52,0.5360824742268041,0.2689222596255001,0.1448821796759941,18,0.16666666666666666,"{""qwen3-8b"": 0.5, ""gemma2"": 0.357143, ""llama3-8b"": 0.142857, ""qwen3-0.6b"": 0.214286}"
computer science,engineering,related,real_modal_judge,1,ECRT,97,49,0.5051546391752577,0.25665693869476564,0.11756049144110144,18,0.3333333333333333,"{""qwen3-8b"": 0.423308, ""gemma2"": 0.356399, ""llama3-8b"": 0.256036, ""qwen3-0.6b"": 0.289491}"
computer science,engineering,related,real_modal_judge,1,OracleFixedBorrow,97,54,0.5567010309278351,0.25770565958342073,0.12702503681885124,18,0.16666666666666666,"{""qwen3-8b"": 0.357143, ""gemma2"": 0.428571, ""llama3-8b"": 0.214286, ""qwen3-0.6b"": 0.285714}"
engineering,engineering,same,real_modal_judge,1,Uniform,203,89,0.43842364532019706,0.25,0.13054187192118227,46,0.043478260869565216,"{""qwen3-8b"": 0.5, ""gemma2"": 0.5, ""llama3-8b"": 0.5, ""qwen3-0.6b"": 0.5}"
engineering,engineering,same,real_modal_judge,1,FixedBorrow,203,90,0.4433497536945813,0.24920463875205304,0.12202380952380953,46,0.17391304347826086,"{""qwen3-8b"": 0.5, ""gemma2"": 0.333333, ""llama3-8b"": 0.083333, ""qwen3-0.6b"": 0.166667}"
engineering,engineering,same,real_modal_judge,1,ECRT,203,92,0.45320197044334976,0.23402680771862097,0.08509332062674234,46,0.30434782608695654,"{""qwen3-8b"": 0.410526, ""gemma2"": 0.332466, ""llama3-8b"": 0.215376, ""qwen3-0.6b"": 0.254406}"
engineering,engineering,same,real_modal_judge,1,OracleFixedBorrow,203,101,0.4975369458128079,0.23907019704433524,0.09441707717569787,46,0.2391304347826087,"{""qwen3-8b"": 0.333333, ""gemma2"": 0.416667, ""llama3-8b"": 0.166667, ""qwen3-0.6b"": 0.25}"
math,engineering,related,real_modal_judge,1,Uniform,249,83,0.3333333333333333,0.25,0.22891566265060243,75,0.13333333333333333,"{""qwen3-8b"": 0.5, ""gemma2"": 0.5, ""llama3-8b"": 0.5, ""qwen3-0.6b"": 0.5}"
math,engineering,related,real_modal_judge,1,FixedBorrow,249,86,0.3453815261044177,0.19688447668223802,0.06748422260470455,75,0.26666666666666666,"{""qwen3-8b"": 0.5, ""gemma2"": 0.357143, ""llama3-8b"": 0.142857, ""qwen3-0.6b"": 0.214286}"
math,engineering,related,real_modal_judge,1,ECRT,249,92,0.36947791164658633,0.19571163744766612,0.060224165843673814,75,0.44,"{""qwen3-8b"": 0.423308, ""gemma2"": 0.356399, ""llama3-8b"": 0.256036, ""qwen3-0.6b"": 0.289491}"
math,engineering,related,real_modal_judge,1,OracleFixedBorrow,249,85,0.3413654618473896,0.1964695516760914,0.056511761331038426,75,0.16,"{""qwen3-8b"": 0.357143, ""gemma2"": 0.428571, ""llama3-8b"": 0.214286, ""qwen3-0.6b"": 0.285714}"
physics,engineering,related,real_modal_judge,1,Uniform,254,98,0.3858267716535433,0.25,0.18996062992125984,56,0.16071428571428573,"{""qwen3-8b"": 0.5, ""gemma2"": 0.5, ""llama3-8b"": 0.5, ""qwen3-0.6b"": 0.5}"
physics,engineering,related,real_modal_judge,1,FixedBorrow,254,110,0.4330708661417323,0.20911336975735065,0.052024746906636665,56,0.3392857142857143,"{""qwen3-8b"": 0.5, ""gemma2"": 0.357143, ""llama3-8b"": 0.142857, ""qwen3-0.6b"": 0.214286}"
physics,engineering,related,real_modal_judge,1,ECRT,254,116,0.4566929133858268,0.2074142542581596,0.03986475913566529,56,0.5357142857142857,"{""qwen3-8b"": 0.423308, ""gemma2"": 0.356399, ""llama3-8b"": 0.256036, ""qwen3-0.6b"": 0.289491}"
physics,engineering,related,real_modal_judge,1,OracleFixedBorrow,254,99,0.38976377952755903,0.2124779045476449,0.08394263217097864,56,0.08928571428571429,"{""qwen3-8b"": 0.357143, ""gemma2"": 0.428571, ""llama3-8b"": 0.214286, ""qwen3-0.6b"": 0.285714}"
biology,health,related,real_modal_judge,1,Uniform,146,108,0.7397260273972602,0.25,0.17636986301369864,15,0.06666666666666667,"{""qwen3-8b"": 0.5, ""gemma2"": 0.5, ""llama3-8b"": 0.5, ""qwen3-0.6b"": 0.5}"
biology,health,related,real_modal_judge,1,FixedBorrow,146,109,0.7465753424657534,0.23015096449538663,0.09613502935420742,15,0.06666666666666667,"{""qwen3-8b"": 0.642857, ""gemma2"": 0.714286, ""llama3-8b"": 0.428571, ""qwen3-0.6b"": 0.357143}"
biology,health,related,real_modal_judge,1,ECRT,146,109,0.7465753424657534,0.25852624622202997,0.19181417670206274,15,0.06666666666666667,"{""qwen3-8b"": 0.490217, ""gemma2"": 0.523671, ""llama3-8b"": 0.389854, ""qwen3-0.6b"": 0.356399}"
biology,health,related,real_modal_judge,1,OracleFixedBorrow,146,109,0.7465753424657534,0.24577159630975648,0.16756360078277888,15,0.06666666666666667,"{""qwen3-8b"": 0.571429, ""gemma2"": 0.642857, ""llama3-8b"": 0.428571, ""qwen3-0.6b"": 0.214286}"
chemistry,health,related,real_modal_judge,1,Uniform,234,85,0.36324786324786323,0.25,0.19123931623931623,55,0.09090909090909091,"{""qwen3-8b"": 0.5, ""gemma2"": 0.5, ""llama3-8b"": 0.5, ""qwen3-0.6b"": 0.5}"
chemistry,health,related,real_modal_judge,1,FixedBorrow,234,86,0.36752136752136755,0.2656331763474604,0.22695360195360198,55,0.12727272727272726,"{""qwen3-8b"": 0.642857, ""gemma2"": 0.714286, ""llama3-8b"": 0.428571, ""qwen3-0.6b"": 0.357143}"
chemistry,health,related,real_modal_judge,1,ECRT,234,87,0.3717948717948718,0.2255880764784396,0.13127445460574666,55,0.14545454545454545,"{""qwen3-8b"": 0.490217, ""gemma2"": 0.523671, ""llama3-8b"": 0.389854, ""qwen3-0.6b"": 0.356399}"
chemistry,health,related,real_modal_judge,1,OracleFixedBorrow,234,85,0.36324786324786323,0.24265218908075858,0.15949328449328448,55,0.14545454545454545,"{""qwen3-8b"": 0.571429, ""gemma2"": 0.642857, ""llama3-8b"": 0.428571, ""qwen3-0.6b"": 0.214286}"
health,health,same,real_modal_judge,1,Uniform,156,82,0.5256410256410257,0.25,0.11698717948717947,32,0.15625,"{""qwen3-8b"": 0.5, ""gemma2"": 0.5, ""llama3-8b"": 0.5, ""qwen3-0.6b"": 0.5}"
health,health,same,real_modal_judge,1,FixedBorrow,156,85,0.5448717948717948,0.2454594017094026,0.1330128205128205,32,0.21875,"{""qwen3-8b"": 0.666667, ""gemma2"": 0.75, ""llama3-8b"": 0.416667, ""qwen3-0.6b"": 0.333333}"
health,health,same,real_modal_judge,1,ECRT,156,85,0.5448717948717948,0.2282593501051186,0.07211538461538461,32,0.25,"{""qwen3-8b"": 0.488586, ""gemma2"": 0.527616, ""llama3-8b"": 0.371496, ""qwen3-0.6b"": 0.332466}"
health,health,same,real_modal_judge,1,OracleFixedBorrow,156,87,0.5576923076923077,0.22676282051282015,0.0496794871794872,32,0.25,"{""qwen3-8b"": 0.583333, ""gemma2"": 0.666667, ""llama3-8b"": 0.416667, ""qwen3-0.6b"": 0.166667}"
history,history,same,real_modal_judge,1,Uniform,72,35,0.4861111111111111,0.25,0.11805555555555555,11,0.0,"{""qwen3-8b"": 0.5, ""gemma2"": 0.5, ""llama3-8b"": 0.5, ""qwen3-0.6b"": 0.5}"
history,history,same,real_modal_judge,1,FixedBorrow,72,35,0.4861111111111111,0.32754629629629567,0.3263888888888889,11,0.0,"{""qwen3-8b"": 0.75, ""gemma2"": 0.833333, ""llama3-8b"": 0.666667, ""qwen3-0.6b"": 0.583333}"
history,history,same,real_modal_judge,1,ECRT,72,35,0.4861111111111111,0.24276985232765988,0.12615669864598208,11,0.0,"{""qwen3-8b"": 0.527616, ""gemma2"": 0.566646, ""llama3-8b"": 0.488586, ""qwen3-0.6b"": 0.449556}"
history,history,same,real_modal_judge,1,OracleFixedBorrow,72,37,0.5138888888888888,0.22164351851851885,0.06944444444444445,11,0.18181818181818182,"{""qwen3-8b"": 0.416667, ""gemma2"": 0.416667, ""llama3-8b"": 0.333333, ""qwen3-0.6b"": 0.083333}"
law,history,related,real_modal_judge,1,Uniform,226,87,0.38495575221238937,0.25,0.2013274336283186,63,0.15873015873015872,"{""qwen3-8b"": 0.5, ""gemma2"": 0.5, ""llama3-8b"": 0.5, ""qwen3-0.6b"": 0.5}"
law,history,related,real_modal_judge,1,FixedBorrow,226,83,0.3672566371681416,0.35100234784179063,0.37989886219974717,63,0.1111111111111111,"{""qwen3-8b"": 0.714286, ""gemma2"": 0.785714, ""llama3-8b"": 0.642857, ""qwen3-0.6b"": 0.571429}"
law,history,related,real_modal_judge,1,ECRT,226,84,0.37168141592920356,0.24995036373693102,0.2082712705629699,63,0.1111111111111111,"{""qwen3-8b"": 0.523671, ""gemma2"": 0.557125, ""llama3-8b"": 0.490217, ""qwen3-0.6b"": 0.456762}"
law,history,related,real_modal_judge,1,OracleFixedBorrow,226,85,0.37610619469026546,0.21100099331767957,0.06874209860935523,63,0.14285714285714285,"{""qwen3-8b"": 0.428571, ""gemma2"": 0.428571, ""llama3-8b"": 0.357143, ""qwen3-0.6b"": 0.142857}"
philosophy,history,related,real_modal_judge,1,Uniform,110,47,0.42727272727272725,0.25,0.15,18,0.1111111111111111,"{""qwen3-8b"": 0.5, ""gemma2"": 0.5, ""llama3-8b"": 0.5, ""qwen3-0.6b"": 0.5}"
philosophy,history,related,real_modal_judge,1,FixedBorrow,110,51,0.4636363636363636,0.32657699443413707,0.32857142857142857,18,0.05555555555555555,"{""qwen3-8b"": 0.714286, ""gemma2"": 0.785714, ""llama3-8b"": 0.642857, ""qwen3-0.6b"": 0.571429}"
philosophy,history,related,real_modal_judge,1,ECRT,110,51,0.4636363636363636,0.24638329428042063,0.1569438369346513,18,0.05555555555555555,"{""qwen3-8b"": 0.523671, ""gemma2"": 0.557125, ""llama3-8b"": 0.490217, ""qwen3-0.6b"": 0.456762}"
philosophy,history,related,real_modal_judge,1,OracleFixedBorrow,110,53,0.4818181818181818,0.21616419294990688,0.024999999999999994,18,0.1111111111111111,"{""qwen3-8b"": 0.428571, ""gemma2"": 0.428571, ""llama3-8b"": 0.357143, ""qwen3-0.6b"": 0.142857}"
history,law,related,real_modal_judge,1,Uniform,72,35,0.4861111111111111,0.25,0.11805555555555555,11,0.0,"{""qwen3-8b"": 0.5, ""gemma2"": 0.5, ""llama3-8b"": 0.5, ""qwen3-0.6b"": 0.5}"
history,law,related,real_modal_judge,1,FixedBorrow,72,35,0.4861111111111111,0.22952097505668925,0.08234126984126983,11,0.0,"{""qwen3-8b"": 0.5, ""gemma2"": 0.5, ""llama3-8b"": 0.571429, ""qwen3-0.6b"": 0.285714}"
history,law,related,real_modal_judge,1,ECRT,72,35,0.4861111111111111,0.2275719271217105,0.09438393646905587,11,0.0,"{""qwen3-8b"": 0.423308, ""gemma2"": 0.423308, ""llama3-8b"": 0.456762, ""qwen3-0.6b"": 0.322945}"
history,law,related,real_modal_judge,1,OracleFixedBorrow,72,37,0.5138888888888888,0.24440192743764141,0.1626984126984127,11,0.09090909090909091,"{""qwen3-8b"": 0.357143, ""gemma2"": 0.285714, ""llama3-8b"": 0.214286, ""qwen3-0.6b"": 0.285714}"
law,law,same,real_modal_judge,1,Uniform,226,87,0.38495575221238937,0.25,0.2013274336283186,63,0.15873015873015872,"{""qwen3-8b"": 0.5, ""gemma2"": 0.5, ""llama3-8b"": 0.5, ""qwen3-0.6b"": 0.5}"
law,law,same,real_modal_judge,1,FixedBorrow,226,83,0.3672566371681416,0.23767822025565338,0.15966076696165193,63,0.1111111111111111,"{""qwen3-8b"": 0.5, ""gemma2"": 0.5, ""llama3-8b"": 0.583333, ""qwen3-0.6b"": 0.25}"
law,law,same,real_modal_judge,1,ECRT,226,83,0.3672566371681416,0.21537668566819715,0.09233835422435852,63,0.1111111111111111,"{""qwen3-8b"": 0.410526, ""gemma2"": 0.410526, ""llama3-8b"": 0.449556, ""qwen3-0.6b"": 0.293436}"
law,law,same,real_modal_judge,1,OracleFixedBorrow,226,83,0.3672566371681416,0.21493977384464144,0.08148967551622419,63,0.12698412698412698,"{""qwen3-8b"": 0.333333, ""gemma2"": 0.25, ""llama3-8b"": 0.166667, ""qwen3-0.6b"": 0.25}"
philosophy,law,related,real_modal_judge,1,Uniform,110,47,0.42727272727272725,0.25,0.15,18,0.1111111111111111,"{""qwen3-8b"": 0.5, ""gemma2"": 0.5, ""llama3-8b"": 0.5, ""qwen3-0.6b"": 0.5}"
philosophy,law,related,real_modal_judge,1,FixedBorrow,110,54,0.4909090909090909,0.23061224489795865,0.11428571428571427,18,0.16666666666666666,"{""qwen3-8b"": 0.5, ""gemma2"": 0.5, ""llama3-8b"": 0.571429, ""qwen3-0.6b"": 0.285714}"
philosophy,law,related,real_modal_judge,1,ECRT,110,54,0.4909090909090909,0.22318326625149773,0.06765407994740506,18,0.16666666666666666,"{""qwen3-8b"": 0.423308, ""gemma2"": 0.423308, ""llama3-8b"": 0.456762, ""qwen3-0.6b"": 0.322945}"
philosophy,law,related,real_modal_judge,1,OracleFixedBorrow,110,49,0.44545454545454544,0.23385899814471198,0.12532467532467534,18,0.1111111111111111,"{""qwen3-8b"": 0.357143, ""gemma2"": 0.285714, ""llama3-8b"": 0.214286, ""qwen3-0.6b"": 0.285714}"
computer science,math,related,real_modal_judge,1,Uniform,97,51,0.5257731958762887,0.25,0.09278350515463916,18,0.0,"{""qwen3-8b"": 0.5, ""gemma2"": 0.5, ""llama3-8b"": 0.5, ""qwen3-0.6b"": 0.5}"
computer science,math,related,real_modal_judge,1,FixedBorrow,97,54,0.5567010309278351,0.23809962129181558,0.03626656848306335,18,0.16666666666666666,"{""qwen3-8b"": 0.5, ""gemma2"": 0.642857, ""llama3-8b"": 0.428571, ""qwen3-0.6b"": 0.357143}"
computer science,math,related,real_modal_judge,1,ECRT,97,54,0.5567010309278351,0.24082603555169158,0.06737896751493573,18,0.2222222222222222,"{""qwen3-8b"": 0.423308, ""gemma2"": 0.490217, ""llama3-8b"": 0.389854, ""qwen3-0.6b"": 0.356399}"
computer science,math,related,real_modal_judge,1,OracleFixedBorrow,97,51,0.5257731958762887,0.2686461182411105,0.16273932253313694,18,0.05555555555555555,"{""qwen3-8b"": 0.357143, ""gemma2"": 0.285714, ""llama3-8b"": 0.285714, ""qwen3-0.6b"": 0.214286}"
engineering,math,related,real_modal_judge,1,Uniform,203,89,0.43842364532019706,0.25,0.13054187192118227,46,0.043478260869565216,"{""qwen3-8b"": 0.5, ""gemma2"": 0.5, ""llama3-8b"": 0.5, ""qwen3-0.6b"": 0.5}"
engineering,math,related,real_modal_judge,1,FixedBorrow,203,100,0.49261083743842365,0.24151125967628337,0.11268472906403941,46,0.21739130434782608,"{""qwen3-8b"": 0.5, ""gemma2"": 0.642857, ""llama3-8b"": 0.428571, ""qwen3-0.6b"": 0.357143}"
engineering,math,related,real_modal_judge,1,ECRT,203,99,0.4876847290640394,0.2303072650803221,0.0604332516840171,46,0.30434782608695654,"{""qwen3-8b"": 0.423308, ""gemma2"": 0.490217, ""llama3-8b"": 0.389854, ""qwen3-0.6b"": 0.356399}"
engineering,math,related,real_modal_judge,1,OracleFixedBorrow,203,96,0.4729064039408867,0.2340781140042219,0.08374384236453203,46,0.10869565217391304,"{""qwen3-8b"": 0.357143, ""gemma2"": 0.285714, ""llama3-8b"": 0.285714, ""qwen3-0.6b"": 0.214286}"
math,math,same,real_modal_judge,1,Uniform,249,83,0.3333333333333333,0.25,0.22891566265060243,75,0.13333333333333333,"{""qwen3-8b"": 0.5, ""gemma2"": 0.5, ""llama3-8b"": 0.5, ""qwen3-0.6b"": 0.5}"
math,math,same,real_modal_judge,1,FixedBorrow,249,84,0.3373493975903614,0.23993892235609313,0.20808232931726905,75,0.16,"{""qwen3-8b"": 0.5, ""gemma2"": 0.666667, ""llama3-8b"": 0.416667, ""qwen3-0.6b"": 0.333333}"
math,math,same,real_modal_judge,1,ECRT,249,84,0.3373493975903614,0.21018484999265252,0.12968410178784123,75,0.18666666666666668,"{""qwen3-8b"": 0.410526, ""gemma2"": 0.488586, ""llama3-8b"": 0.371496, ""qwen3-0.6b"": 0.332466}"
math,math,same,real_modal_judge,1,OracleFixedBorrow,249,89,0.357429718875502,0.19314759036144577,0.039658634538152604,75,0.21333333333333335,"{""qwen3-8b"": 0.333333, ""gemma2"": 0.25, ""llama3-8b"": 0.25, ""qwen3-0.6b"": 0.166667}"
physics,math,related,real_modal_judge,1,Uniform,254,98,0.3858267716535433,0.25,0.18996062992125984,56,0.16071428571428573,"{""qwen3-8b"": 0.5, ""gemma2"": 0.5, ""llama3-8b"": 0.5, ""qwen3-0.6b"": 0.5}"
physics,math,related,real_modal_judge,1,FixedBorrow,254,97,0.38188976377952755,0.24418487867587818,0.172103487064117,56,0.08928571428571429,"{""qwen3-8b"": 0.5, ""gemma2"": 0.642857, ""llama3-8b"": 0.428571, ""qwen3-0.6b"": 0.357143}"
physics,math,related,real_modal_judge,1,ECRT,254,90,0.3543307086614173,0.22244559256644483,0.1215974811553332,56,0.10714285714285714,"{""qwen3-8b"": 0.423308, ""gemma2"": 0.490217, ""llama3-8b"": 0.389854, ""qwen3-0.6b"": 0.356399}"
physics,math,related,real_modal_judge,1,OracleFixedBorrow,254,111,0.43700787401574803,0.20791820665273955,0.04401012373453318,56,0.26785714285714285,"{""qwen3-8b"": 0.357143, ""gemma2"": 0.285714, ""llama3-8b"": 0.285714, ""qwen3-0.6b"": 0.214286}"
other,other,same,real_modal_judge,1,Uniform,187,85,0.45454545454545453,0.25,0.11229946524064172,45,0.08888888888888889,"{""qwen3-8b"": 0.5, ""gemma2"": 0.5, ""llama3-8b"": 0.5, ""qwen3-0.6b"": 0.5}"
other,other,same,real_modal_judge,1,FixedBorrow,187,90,0.48128342245989303,0.24179292929292923,0.11229946524064174,45,0.13333333333333333,"{""qwen3-8b"": 0.583333, ""gemma2"": 0.583333, ""llama3-8b"": 0.416667, ""qwen3-0.6b"": 0.416667}"
other,other,same,real_modal_judge,1,ECRT,187,90,0.48128342245989303,0.2323367996065365,0.051879016744295375,45,0.13333333333333333,"{""qwen3-8b"": 0.449556, ""gemma2"": 0.449556, ""llama3-8b"": 0.371496, ""qwen3-0.6b"": 0.371496}"
other,other,same,real_modal_judge,1,OracleFixedBorrow,187,89,0.47593582887700536,0.2427770350564469,0.11229946524064173,45,0.08888888888888889,"{""qwen3-8b"": 0.5, ""gemma2"": 0.583333, ""llama3-8b"": 0.5, ""qwen3-0.6b"": 0.416667}"
history,philosophy,related,real_modal_judge,1,Uniform,72,35,0.4861111111111111,0.25,0.11805555555555555,11,0.0,"{""qwen3-8b"": 0.5, ""gemma2"": 0.5, ""llama3-8b"": 0.5, ""qwen3-0.6b"": 0.5}"
history,philosophy,related,real_modal_judge,1,FixedBorrow,72,35,0.4861111111111111,0.2767148526077095,0.24305555555555552,11,0.0,"{""qwen3-8b"": 0.714286, ""gemma2"": 0.785714, ""llama3-8b"": 0.642857, ""qwen3-0.6b"": 0.357143}"
history,philosophy,related,real_modal_judge,1,ECRT,72,35,0.4861111111111111,0.23082530722743677,0.09990863052712402,11,0.0,"{""qwen3-8b"": 0.523671, ""gemma2"": 0.557125, ""llama3-8b"": 0.490217, ""qwen3-0.6b"": 0.356399}"
history,philosophy,related,real_modal_judge,1,OracleFixedBorrow,72,36,0.5,0.2723214285714283,0.22519841269841268,11,0.09090909090909091,"{""qwen3-8b"": 0.785714, ""gemma2"": 0.785714, ""llama3-8b"": 0.571429, ""qwen3-0.6b"": 0.285714}"
law,philosophy,related,real_modal_judge,1,Uniform,226,87,0.38495575221238937,0.25,0.2013274336283186,63,0.15873015873015872,"{""qwen3-8b"": 0.5, ""gemma2"": 0.5, ""llama3-8b"": 0.5, ""qwen3-0.6b"": 0.5}"
law,philosophy,related,real_modal_judge,1,FixedBorrow,226,83,0.3672566371681416,0.3225912046234421,0.3263274336283186,63,0.1111111111111111,"{""qwen3-8b"": 0.714286, ""gemma2"": 0.785714, ""llama3-8b"": 0.642857, ""qwen3-0.6b"": 0.357143}"
law,philosophy,related,real_modal_judge,1,ECRT,226,85,0.37610619469026546,0.2395394164986588,0.18318050859988705,63,0.19047619047619047,"{""qwen3-8b"": 0.523671, ""gemma2"": 0.557125, ""llama3-8b"": 0.490217, ""qwen3-0.6b"": 0.356399}"
law,philosophy,related,real_modal_judge,1,OracleFixedBorrow,226,85,0.37610619469026546,0.3230088495575205,0.30847029077117566,63,0.14285714285714285,"{""qwen3-8b"": 0.785714, ""gemma2"": 0.785714, ""llama3-8b"": 0.571429, ""qwen3-0.6b"": 0.285714}"
philosophy,philosophy,same,real_modal_judge,1,Uniform,110,47,0.42727272727272725,0.25,0.15,18,0.1111111111111111,"{""qwen3-8b"": 0.5, ""gemma2"": 0.5, ""llama3-8b"": 0.5, ""qwen3-0.6b"": 0.5}"
philosophy,philosophy,same,real_modal_judge,1,FixedBorrow,110,52,0.4727272727272727,0.3099431818181821,0.29583333333333334,18,0.05555555555555555,"{""qwen3-8b"": 0.75, ""gemma2"": 0.833333, ""llama3-8b"": 0.666667, ""qwen3-0.6b"": 0.333333}"
philosophy,philosophy,same,real_modal_judge,1,ECRT,110,52,0.4727272727272727,0.2327502429591259,0.12882858746682987,18,0.05555555555555555,"{""qwen3-8b"": 0.527616, ""gemma2"": 0.566646, ""llama3-8b"": 0.488586, ""qwen3-0.6b"": 0.332466}"
philosophy,philosophy,same,real_modal_judge,1,OracleFixedBorrow,110,53,0.4818181818181818,0.3111742424242413,0.275,18,0.1111111111111111,"{""qwen3-8b"": 0.833333, ""gemma2"": 0.833333, ""llama3-8b"": 0.583333, ""qwen3-0.6b"": 0.25}"
computer science,physics,related,real_modal_judge,1,Uniform,97,51,0.5257731958762887,0.25,0.09278350515463916,18,0.0,"{""qwen3-8b"": 0.5, ""gemma2"": 0.5, ""llama3-8b"": 0.5, ""qwen3-0.6b"": 0.5}"
computer science,physics,related,real_modal_judge,1,FixedBorrow,97,55,0.5670103092783505,0.2420050494424566,0.05559646539027982,18,0.2222222222222222,"{""qwen3-8b"": 0.428571, ""gemma2"": 0.571429, ""llama3-8b"": 0.285714, ""qwen3-0.6b"": 0.285714}"
computer science,physics,related,real_modal_judge,1,ECRT,97,56,0.5773195876288659,0.24557578282687023,0.09246972947801858,18,0.3333333333333333,"{""qwen3-8b"": 0.389854, ""gemma2"": 0.456762, ""llama3-8b"": 0.322945, ""qwen3-0.6b"": 0.322945}"
computer science,physics,related,real_modal_judge,1,OracleFixedBorrow,97,52,0.5360824742268041,0.2684357248053854,0.1612665684830633,18,0.05555555555555555,"{""qwen3-8b"": 0.357143, ""gemma2"": 0.285714, ""llama3-8b"": 0.285714, ""qwen3-0.6b"": 0.357143}"
engineering,physics,related,real_modal_judge,1,Uniform,203,89,0.43842364532019706,0.25,0.13054187192118227,46,0.043478260869565216,"{""qwen3-8b"": 0.5, ""gemma2"": 0.5, ""llama3-8b"": 0.5, ""qwen3-0.6b"": 0.5}"
engineering,physics,related,real_modal_judge,1,FixedBorrow,203,100,0.49261083743842365,0.23240675580577055,0.08004926108374383,46,0.2391304347826087,"{""qwen3-8b"": 0.428571, ""gemma2"": 0.571429, ""llama3-8b"": 0.285714, ""qwen3-0.6b"": 0.285714}"
engineering,physics,related,real_modal_judge,1,ECRT,203,93,0.458128078817734,0.22896366901552362,0.06106215001151334,46,0.32608695652173914,"{""qwen3-8b"": 0.389854, ""gemma2"": 0.456762, ""llama3-8b"": 0.322945, ""qwen3-0.6b"": 0.322945}"
engineering,physics,related,real_modal_judge,1,OracleFixedBorrow,203,88,0.43349753694581283,0.23900422237860625,0.11822660098522168,46,0.06521739130434782,"{""qwen3-8b"": 0.357143, ""gemma2"": 0.285714, ""llama3-8b"": 0.285714, ""qwen3-0.6b"": 0.357143}"
math,physics,related,real_modal_judge,1,Uniform,249,83,0.3333333333333333,0.25,0.22891566265060243,75,0.13333333333333333,"{""qwen3-8b"": 0.5, ""gemma2"": 0.5, ""llama3-8b"": 0.5, ""qwen3-0.6b"": 0.5}"
math,physics,related,real_modal_judge,1,FixedBorrow,249,83,0.3333333333333333,0.2105360216375712,0.12177280550774525,75,0.16,"{""qwen3-8b"": 0.428571, ""gemma2"": 0.571429, ""llama3-8b"": 0.285714, ""qwen3-0.6b"": 0.285714}"
math,physics,related,real_modal_judge,1,ECRT,249,82,0.3293172690763052,0.20363129984165976,0.1020421024488119,75,0.25333333333333335,"{""qwen3-8b"": 0.389854, ""gemma2"": 0.456762, ""llama3-8b"": 0.322945, ""qwen3-0.6b"": 0.322945}"
math,physics,related,real_modal_judge,1,OracleFixedBorrow,249,81,0.3253012048192771,0.2015511023686587,0.08032128514056225,75,0.13333333333333333,"{""qwen3-8b"": 0.357143, ""gemma2"": 0.285714, ""llama3-8b"": 0.285714, ""qwen3-0.6b"": 0.357143}"
physics,physics,same,real_modal_judge,1,Uniform,254,98,0.3858267716535433,0.25,0.18996062992125984,56,0.16071428571428573,"{""qwen3-8b"": 0.5, ""gemma2"": 0.5, ""llama3-8b"": 0.5, ""qwen3-0.6b"": 0.5}"
physics,physics,same,real_modal_judge,1,FixedBorrow,254,93,0.3661417322834646,0.2228783902012242,0.0898950131233596,56,0.08928571428571429,"{""qwen3-8b"": 0.416667, ""gemma2"": 0.583333, ""llama3-8b"": 0.25, ""qwen3-0.6b"": 0.25}"
physics,physics,same,real_modal_judge,1,ECRT,254,93,0.3661417322834646,0.21314055013182312,0.08453999128859654,56,0.08928571428571429,"{""qwen3-8b"": 0.371496, ""gemma2"": 0.449556, ""llama3-8b"": 0.293436, ""qwen3-0.6b"": 0.293436}"
physics,physics,same,real_modal_judge,1,OracleFixedBorrow,254,103,0.40551181102362205,0.21443022747156773,0.08464566929133857,56,0.26785714285714285,"{""qwen3-8b"": 0.333333, ""gemma2"": 0.25, ""llama3-8b"": 0.25, ""qwen3-0.6b"": 0.333333}"
business,psychology,related,real_modal_judge,1,Uniform,167,62,0.3712574850299401,0.25,0.17365269461077845,50,0.08,"{""qwen3-8b"": 0.5, ""gemma2"": 0.5, ""llama3-8b"": 0.5, ""qwen3-0.6b"": 0.5}"
business,psychology,related,real_modal_judge,1,FixedBorrow,167,71,0.4251497005988024,0.33113619699376723,0.3343669803250642,50,0.24,"{""qwen3-8b"": 0.857143, ""gemma2"": 0.571429, ""llama3-8b"": 0.642857, ""qwen3-0.6b"": 0.571429}"
business,psychology,related,real_modal_judge,1,ECRT,167,71,0.4251497005988024,0.2458559401842087,0.17223294422440216,50,0.24,"{""qwen3-8b"": 0.59058, ""gemma2"": 0.456762, ""llama3-8b"": 0.490217, ""qwen3-0.6b"": 0.456762}"
business,psychology,related,real_modal_judge,1,OracleFixedBorrow,167,60,0.3592814371257485,0.24439386533056276,0.14520958083832336,50,0.04,"{""qwen3-8b"": 0.428571, ""gemma2"": 0.5, ""llama3-8b"": 0.571429, ""qwen3-0.6b"": 0.357143}"
economics,psychology,related,real_modal_judge,1,Uniform,171,96,0.5614035087719298,0.25,0.08040935672514621,38,0.07894736842105263,"{""qwen3-8b"": 0.5, ""gemma2"": 0.5, ""llama3-8b"": 0.5, ""qwen3-0.6b"": 0.5}"
economics,psychology,related,real_modal_judge,1,FixedBorrow,171,100,0.5847953216374269,0.27168367346938704,0.15340434419381788,38,0.05263157894736842,"{""qwen3-8b"": 0.857143, ""gemma2"": 0.571429, ""llama3-8b"": 0.642857, ""qwen3-0.6b"": 0.571429}"
economics,psychology,related,real_modal_judge,1,ECRT,171,100,0.5847953216374269,0.24576748946433954,0.0558242987034846,38,0.05263157894736842,"{""qwen3-8b"": 0.59058, ""gemma2"": 0.456762, ""llama3-8b"": 0.490217, ""qwen3-0.6b"": 0.456762}"
economics,psychology,related,real_modal_judge,1,OracleFixedBorrow,171,97,0.5672514619883041,0.25243167442415504,0.08312447786131996,38,0.07894736842105263,"{""qwen3-8b"": 0.428571, ""gemma2"": 0.5, ""llama3-8b"": 0.571429, ""qwen3-0.6b"": 0.357143}"
psychology,psychology,same,real_modal_judge,1,Uniform,144,97,0.6736111111111112,0.25,0.14583333333333337,27,0.14814814814814814,"{""qwen3-8b"": 0.5, ""gemma2"": 0.5, ""llama3-8b"": 0.5, ""qwen3-0.6b"": 0.5}"
psychology,psychology,same,real_modal_judge,1,FixedBorrow,144,93,0.6458333333333334,0.2633101851851852,0.16319444444444442,27,0.07407407407407407,"{""qwen3-8b"": 0.916667, ""gemma2"": 0.583333, ""llama3-8b"": 0.666667, ""qwen3-0.6b"": 0.583333}"
psychology,psychology,same,real_modal_judge,1,ECRT,144,93,0.6458333333333334,0.24755073541059547,0.12226772470572234,27,0.07407407407407407,"{""qwen3-8b"": 0.605676, ""gemma2"": 0.449556, ""llama3-8b"": 0.488586, ""qwen3-0.6b"": 0.449556}"
psychology,psychology,same,real_modal_judge,1,OracleFixedBorrow,144,93,0.6458333333333334,0.2491319444444445,0.11111111111111113,27,0.0,"{""qwen3-8b"": 0.416667, ""gemma2"": 0.5, ""llama3-8b"": 0.583333, ""qwen3-0.6b"": 0.333333}"
